#Treatment	Dose	Effect
5Z	10|2|0.4|0.08|0.02	0.531137823151655|0.890943520500576|0.975843899226083|1.0629836983369|0.93969207969702
5Z	10|2|0.4|0.08|0.02	0.572978758438992|0.901473736209452|1.0203359130578|1.12091223448049|1.02384324057303
5Z	10|2|0.4|0.08|0.02	0.548154148426459|0.978008341663507|1.10818310296095|1.12419427113853|1.0067732928889
5Z	10|2|0.4|0.08|0.02	0.591810003102271|1.00621316052532|1.1116473061942|1.09910034124987|1.10919995863638
AK	10|2|0.4|0.08|0.02	1.1904803959913|1.11679977121998|1.13717969745524|1.04609665114832|1.03200817552138
AK	10|2|0.4|0.08|0.02	1.11505027693317|1.13073684830286|1.15152891501916|1.07624178347485|1.03555763027634
AK	10|2|0.4|0.08|0.02	1.08851582509969|1.09364245238614|1.05679430936221|1.0193348832755|1.05388460198341
AK	10|2|0.4|0.08|0.02	1.10931575011563|1.03802384411467|1.13754072673406|1.04635359465005|1.00810357580216
5Z-AK	10-10|2-2|0.4-0.4|0.08-0.08|0.02-0.02	0.455720478832533|0.964319483346119|1.13703994433839|1.07908586516333|1.06305639305657
5Z-AK	10-10|2-2|0.4-0.4|0.08-0.08|0.02-0.02	0.470750896472981|0.918478939575045|1.09498153533263|1.10821900701122|1.01047223163791
5Z-AK	10-10|2-2|0.4-0.4|0.08-0.08|0.02-0.02	0.442421902525575|0.896557107624406|1.03131072108964|1.01678723857626|0.954971718872299
5Z-AK	10-10|2-2|0.4-0.4|0.08-0.08|0.02-0.02	0.499528472059596|0.873738108951436|1.04178349377942|1.05560654105247|0.950119306062773
BI	10|2|0.4|0.08|0.02	1.17914227391773|1.18844361423509|1.1045004621784|1.0491449699584|1.08721691572947
BI	10|2|0.4|0.08|0.02	1.20621822523494|1.1379795100909|1.09588276074565|1.03037860114004|0.960137112925589
BI	10|2|0.4|0.08|0.02	1.143621857791|1.14567353200379|1.05430874899165|1.11676357718725|0.99422267193263
BI	10|2|0.4|0.08|0.02	1.20213187602292|1.15984873565577|1.02801001590048|1.05163224672315|0.986566196802186
5Z-BI	10-10|2-2|0.4-0.4|0.08-0.08|0.02-0.02	0.675278640599306|1.09682989219806|1.11486387721542|1.0949844692125|1.05835008222182
5Z-BI	10-10|2-2|0.4-0.4|0.08-0.08|0.02-0.02	0.719852000730861|1.06286314635483|1.10987575369998|1.06305499725927|1.05776539375114
5Z-BI	10-10|2-2|0.4-0.4|0.08-0.08|0.02-0.02	0.675031202187904|1.0364809842841|1.1330543134041|0.993477662870874|1.03091574158905
5Z-BI	10-10|2-2|0.4-0.4|0.08-0.08|0.02-0.02	0.700729528750344|1.0844130010253|1.03472593225772|1.01358346613682|0.981592414174091
AK-BI	10-10|2-2|0.4-0.4|0.08-0.08|0.02-0.02	0.624615032583595|1.03662298059928|1.03597854689539|1.03924741350929|1.06140098953262
AK-BI	10-10|2-2|0.4-0.4|0.08-0.08|0.02-0.02	0.564066283275311|1.00547535157828|1.0374542066811|1.07922098238781|1.02401449508853
AK-BI	10-10|2-2|0.4-0.4|0.08-0.08|0.02-0.02	0.579813057707249|1.02024344877922|1.15815694676618|1.04916535210604|1.03230758364137
AK-BI	10-10|2-2|0.4-0.4|0.08-0.08|0.02-0.02	0.608584277070139|1.02739151931816|1.07242718903774|1.0942763638076|1.02022461328373
CT	10|2|0.4|0.08|0.02	0.722402437016302|0.845587024534826|0.991783303145068|0.933764202206488|1.04580931994072
CT	10|2|0.4|0.08|0.02	0.803910752511115|0.827877490531862|0.87703770788737|0.915371315659476|1.00208299028487
CT	10|2|0.4|0.08|0.02	0.848264451414981|0.782496294508979|0.989478128985557|0.949174451070284|1.02673985729551
CT	10|2|0.4|0.08|0.02	0.771715900865189|0.947364792664851|0.989426424459688|1.06277791182655|0.887396160077212
5Z-CT	10-10|2-2|0.4-0.4|0.08-0.08|0.02-0.02	0.440208088887767|0.860742778079173|0.979321482191746|0.96877405028955|1.05369181144152
5Z-CT	10-10|2-2|0.4-0.4|0.08-0.08|0.02-0.02	0.39886787533171|0.805448665379779|0.933229036558543|0.991391310564675|1.01024884032921
5Z-CT	10-10|2-2|0.4-0.4|0.08-0.08|0.02-0.02	0.428379019950242|0.827123037017265|0.88994663498862|0.987947535612332|0.954221011428956
5Z-CT	10-10|2-2|0.4-0.4|0.08-0.08|0.02-0.02	0.413308854842686|0.763614802015604|0.889017484733206|0.924724566039966|0.972575804193809
AK-CT	10-10|2-2|0.4-0.4|0.08-0.08|0.02-0.02	0.60184111465934|0.880059943267979|0.908586516332756|0.984309492801456|0.981811856635684
AK-CT	10-10|2-2|0.4-0.4|0.08-0.08|0.02-0.02	0.596667439744528|0.998331935846431|1.01320179116194|0.928630046563074|1.1182363120618
AK-CT	10-10|2-2|0.4-0.4|0.08-0.08|0.02-0.02	0.619682652202257|0.859864427805591|0.961503488462861|0.963680744993048|0.909907572084702
AK-CT	10-10|2-2|0.4-0.4|0.08-0.08|0.02-0.02	0.594635763126304|0.896270182345234|1.00783348207033|0.915257884643379|0.956558246886544
BI-CT	10-10|2-2|0.4-0.4|0.08-0.08|0.02-0.02	0.928920813433985|1.01980627022031|1.06798836851024|1.01812124480049|0.974089123401633
BI-CT	10-10|2-2|0.4-0.4|0.08-0.08|0.02-0.02	1.03371976582961|0.9998748266831|1.06952896317979|0.999518564165768|1.11667116006779
BI-CT	10-10|2-2|0.4-0.4|0.08-0.08|0.02-0.02	0.96092959493423|0.996022549764757|1.15241607953035|0.993150205866856|1.02573452268266
BI-CT	10-10|2-2|0.4-0.4|0.08-0.08|0.02-0.02	0.918152187597629|1.08776036445195|1.08590453186856|1.02180836430273|1.01936500683114
PD	10|2|0.4|0.08|0.02	1.01002192581765|0.94942444728668|0.986131920336196|0.947496802484926|0.963813265119678
PD	10|2|0.4|0.08|0.02	0.963009318472501|0.96149278275169|1.00524392472136|1.00310615750046|1.01453498995067
PD	10|2|0.4|0.08|0.02	0.979128066510106|0.981792471918031|0.902960627271963|0.962696050905602|0.942281067489935
PD	10|2|0.4|0.08|0.02	0.92974108435844|0.986284677622859|0.998024429778595|0.951429162508269|0.956567009113994
5Z-PD	10-10|2-2|0.4-0.4|0.08-0.08|0.02-0.02	0.499071875372125|0.860954088768408|0.977708664597941|0.963017444073195|1.00177686249513
5Z-PD	10-10|2-2|0.4-0.4|0.08-0.08|0.02-0.02	0.509522908917702|0.889028983172342|0.938192737045365|0.995836864876729|0.90383227912385
5Z-PD	10-10|2-2|0.4-0.4|0.08-0.08|0.02-0.02	0.493593577096037|0.804275657476515|0.933666093753679|0.964132507710781|0.965987804016669
5Z-PD	10-10|2-2|0.4-0.4|0.08-0.08|0.02-0.02	0.486784545475949|0.885484896287053|0.912080615920703|0.940220846184635|0.989541591128482
AK-PD	10-10|2-2|0.4-0.4|0.08-0.08|0.02-0.02	0.63582878224668|1.00667182998481|1.13064721330145|1.0948411284173|1.13588751664971
AK-PD	10-10|2-2|0.4-0.4|0.08-0.08|0.02-0.02	0.73968713477654|0.975898984790776|1.16427912977516|1.13352221255483|0.944576624503993
AK-PD	10-10|2-2|0.4-0.4|0.08-0.08|0.02-0.02	0.574009384389941|0.954965289598721|0.953699729125653|1.02154413179591|0.887668556372948
AK-PD	10-10|2-2|0.4-0.4|0.08-0.08|0.02-0.02	0.636998771444219|0.961529921994109|1.00287896505277|0.951708876685564|1.02887846178895
BI-PD	10-10|2-2|0.4-0.4|0.08-0.08|0.02-0.02	1.07674343830911|1.11091180192427|1.04198842878551|1.08224888452665|0.918589718278345
BI-PD	10-10|2-2|0.4-0.4|0.08-0.08|0.02-0.02	0.993635267948638|0.990694517305114|1.02986441334469|1.04104829111175|1.0458693171028
BI-PD	10-10|2-2|0.4-0.4|0.08-0.08|0.02-0.02	0.957545824442832|0.953141190189941|1.0126542975872|1.02646751943274|1.02311710911579
BI-PD	10-10|2-2|0.4-0.4|0.08-0.08|0.02-0.02	0.964001140872479|0.971871716832563|1.0453135774656|1.0096288193053|0.976940656579332
CT-PD	10-10|2-2|0.4-0.4|0.08-0.08|0.02-0.02	0.571311550013653|1.07899418320825|1.1006147761404|1.192326468471|1.04595513706281
CT-PD	10-10|2-2|0.4-0.4|0.08-0.08|0.02-0.02	0.582994778953639|1.099688061097|1.05005088658497|1.20366217926972|1.01880735083611
CT-PD	10-10|2-2|0.4-0.4|0.08-0.08|0.02-0.02	0.609319776192463|1.01389798126235|1.0648697719402|1.02345469756513|0.987324297436973
CT-PD	10-10|2-2|0.4-0.4|0.08-0.08|0.02-0.02	0.601289919365206|1.04066944481253|1.01585204494346|1.09829454543297|0.974895819529957
PI	10|2|0.4|0.08|0.02	0.643053727414144|1.02641070787535|1.10539496401648|1.12801073522624|1.00152139352809
PI	10|2|0.4|0.08|0.02	0.729345800782919|1.02834236482675|1.08559120668729|1.20868732798851|1.02140207524915
PI	10|2|0.4|0.08|0.02	0.594875645236978|0.929992178945722|1.13152093435528|1.07214766150477|0.98491057927942
PI	10|2|0.4|0.08|0.02	0.694000729965066|0.94709421763387|1.04801293080974|0.989565670785755|1.05704781271182
5Z-PI	10-10|2-2|0.4-0.4|0.08-0.08|0.02-0.02	0.362188961719264|0.805106694552522|1.00503581151343|1.00438929588216|1.02022503417575
5Z-PI	10-10|2-2|0.4-0.4|0.08-0.08|0.02-0.02	0.382713885675784|0.700893048399095|0.9908358356604|1.00403877535919|1.06764656626201
5Z-PI	10-10|2-2|0.4-0.4|0.08-0.08|0.02-0.02	0.29161728512214|0.797338141261839|1.05215296804114|1.01314575412937|1.01187781777655
5Z-PI	10-10|2-2|0.4-0.4|0.08-0.08|0.02-0.02	0.360796538614517|0.742017351345567|1.0256232169645|1.02834483830783|1.03942514834653
AK-PI	10-10|2-2|0.4-0.4|0.08-0.08|0.02-0.02	0.232671389199464|0.633105771218779|1.03330730520556|1.02201016100639|1.03317080808304
AK-PI	10-10|2-2|0.4-0.4|0.08-0.08|0.02-0.02	0.25255982287491|0.663913974695842|0.998099076837843|0.983301182908151|0.997721702440288
AK-PI	10-10|2-2|0.4-0.4|0.08-0.08|0.02-0.02	0.164435541691048|0.523830731408235|1.02744253763089|0.981916004785119|0.978265254563937
AK-PI	10-10|2-2|0.4-0.4|0.08-0.08|0.02-0.02	0.192331427407388|0.585206473091694|0.995943832768479|1.04206151554065|1.01923034676136
BI-PI	10-10|2-2|0.4-0.4|0.08-0.08|0.02-0.02	0.370277604671675|0.731723147925083|0.98242149002212|0.982501129890635|0.969440191454244
BI-PI	10-10|2-2|0.4-0.4|0.08-0.08|0.02-0.02	0.332130107653192|0.772634148381021|0.989971349557302|1.01203159313584|1.03564481415041
BI-PI	10-10|2-2|0.4-0.4|0.08-0.08|0.02-0.02	0.346467532083068|0.608342337808434|0.973053183143623|0.904069035953759|0.828298228215338
BI-PI	10-10|2-2|0.4-0.4|0.08-0.08|0.02-0.02	0.358353439216093|0.67583889637206|0.897689427019346|0.917953196465312|0.988920795156826
CT-PI	10-10|2-2|0.4-0.4|0.08-0.08|0.02-0.02	0.473987330704708|0.827900277716669|0.963987086268913|1.04259763799811|1.01514561792429
CT-PI	10-10|2-2|0.4-0.4|0.08-0.08|0.02-0.02	0.471400071826518|0.765933923363737|1.0549698497848|0.978555459661513|1.00888054046635
CT-PI	10-10|2-2|0.4-0.4|0.08-0.08|0.02-0.02	0.453930052963922|0.85062874348782|0.93403518652904|1.00409775399757|0.994530310743336
CT-PI	10-10|2-2|0.4-0.4|0.08-0.08|0.02-0.02	0.448232911282723|0.753488506431849|0.935508211754597|0.921225643636206|0.956765987558713
PD-PI	10-10|2-2|0.4-0.4|0.08-0.08|0.02-0.02	0.568010127671546|0.895297748578899|1.0359681276219|0.987083909082635|1.05464309059467
PD-PI	10-10|2-2|0.4-0.4|0.08-0.08|0.02-0.02	0.540614114201081|0.91792779896903|1.10020933830891|1.10370934244603|1.02287000339244
PD-PI	10-10|2-2|0.4-0.4|0.08-0.08|0.02-0.02	0.582310976972507|0.818064408945181|1.04764711350381|0.968329532666288|0.955988077838189
PD-PI	10-10|2-2|0.4-0.4|0.08-0.08|0.02-0.02	0.526418426741401|0.798500038567046|0.957032354785182|0.996801901849834|1.04271844276156
PK	10|2|0.4|0.08|0.02	0.00135045043505017|0.00186327971418315|0.00553855621463615|0.954161609600164|1.01229935554454
PK	10|2|0.4|0.08|0.02	0.00131626181644131|0.00148720490948563|0.0028376553445358|0.939024598711089|1.00606847980307
PK	10|2|0.4|0.08|0.02	0.000667396631732624|0.00105114969497888|0.00388758537984254|0.947252724333907|1.1297356483654
PK	10|2|0.4|0.08|0.02	0.000567287136972731|0.0010678346107722|0.00206892955837114|0.942088742895876|1.04573543980395
5Z-PK	10-10|2-2|0.4-0.4|0.08-0.08|0.02-0.02	0.000919142704694249|0.00113724436343526|0.030713387157707|0.959211095142954|1.0193682062307
5Z-PK	10-10|2-2|0.4-0.4|0.08-0.08|0.02-0.02	0.000591990216582736|0.00130860995244605|0.0101261484415468|0.95403897009281|0.940469931181137
5Z-PK	10-10|2-2|0.4-0.4|0.08-0.08|0.02-0.02	0.000549169885300216|0.000807602772500318|0.0290494717268364|0.967023559791881|1.05057814263476
5Z-PK	10-10|2-2|0.4-0.4|0.08-0.08|0.02-0.02	0.000807602772500318|0.000791450717050312|0.00906130310745357|0.972151837397258|0.966942799514631
AK-PK	10-10|2-2|0.4-0.4|0.08-0.08|0.02-0.02	0.00112409395016651|0.00167008244024738|0.0055722942958254|0.927497947524886|0.985477107625974
AK-PK	10-10|2-2|0.4-0.4|0.08-0.08|0.02-0.02	0.000578105460085632|0.000867158190128448|0.0050423642907469|0.928774597082575|1.03130802382276
AK-PK	10-10|2-2|0.4-0.4|0.08-0.08|0.02-0.02	0.00142195522838159|0.00164563357891352|0.00784471929365572|0.88690862539668|0.974167147641691
AK-PK	10-10|2-2|0.4-0.4|0.08-0.08|0.02-0.02	0.00126218497800163|0.0013740241532676|0.00421793461003078|0.902334443070864|1.00612119771768
BI-PK	10-10|2-2|0.4-0.4|0.08-0.08|0.02-0.02	0.00219138527775808|0.00164139054137958|0.00535385501193446|0.887158697114032|1.09037315853813
BI-PK	10-10|2-2|0.4-0.4|0.08-0.08|0.02-0.02	0.00200232458712797|0.00160701587035593|0.00908350681800116|1.00280368410537|1.05854221317023
BI-PK	10-10|2-2|0.4-0.4|0.08-0.08|0.02-0.02	0.00156405982747284|0.000742709973939618|0.00624750154549208|1.01002440020709|1.05061131584179
BI-PK	10-10|2-2|0.4-0.4|0.08-0.08|0.02-0.02	0.00124950030909842|0.000777661031536776|0.00963775413241645|1.01360688361079|1.04959773517147
CT-PK	10-10|2-2|0.4-0.4|0.08-0.08|0.02-0.02	0.000731907876607387|0.000890634885992121|0.00732789693326191|1.03592300858228|1.11444878739178
CT-PK	10-10|2-2|0.4-0.4|0.08-0.08|0.02-0.02	0.00066136253910306|0.00103172556100077|0.0275832269641916|1.03149628865388|1.01364831826529
CT-PK	10-10|2-2|0.4-0.4|0.08-0.08|0.02-0.02	0.000652469108341648|0.000957519600553328|0.00805841716925854|1.02624917117358|0.980567859964877
CT-PK	10-10|2-2|0.4-0.4|0.08-0.08|0.02-0.02	0.000923625101418697|0.000804994354447488|0.0524008956621396|1.00445500823001|1.01895338023485
PD-PK	10-10|2-2|0.4-0.4|0.08-0.08|0.02-0.02	0.000583078610209706|0.00070866477240872|0.004583894920264|0.974333328100577|1.04999899082548
PD-PK	10-10|2-2|0.4-0.4|0.08-0.08|0.02-0.02	0.000941896216492603|0.000834250934607734|0.0121011237718907|1.08717249483639|0.954024251584965
PD-PK	10-10|2-2|0.4-0.4|0.08-0.08|0.02-0.02	0.000606509110083667|0.000914289852514184|0.0174620309455432|0.956790752093927|0.980182088518647
PD-PK	10-10|2-2|0.4-0.4|0.08-0.08|0.02-0.02	0.000697032857857348|0.0010229183498426|0.013008262555078|1.02100829876458|1.06300226535679
PI-PK	10-10|2-2|0.4-0.4|0.08-0.08|0.02-0.02	0.00092447206212071|0.000867288223226646|0.00784371656830252|1.03314994793888|1.12147038711076
PI-PK	10-10|2-2|0.4-0.4|0.08-0.08|0.02-0.02	0.00115320741769697|0.00149631045106136|0.00254468083078587|1.05618550437337|0.996514168487416
PI-PK	10-10|2-2|0.4-0.4|0.08-0.08|0.02-0.02	0.00145485727223896|0.00193659809086114|0.00498120006455327|1.01941174628638|1.1488747738829
PI-PK	10-10|2-2|0.4-0.4|0.08-0.08|0.02-0.02	0.0018402499271367|0.00149339653772874|0.0124963568350592|1.06361628380315|1.07890673738622
JN	10|2|0.4|0.08|0.02	1.06845280899646|1.19072502676702|0.985957871331091|1.0541070543947|1.07121968591838
JN	10|2|0.4|0.08|0.02	1.08254287860213|1.15502957499218|1.06112926018003|1.04990651517331|1.04637258326313
JN	10|2|0.4|0.08|0.02	1.08494001738626|1.0941014198783|1.08669255288322|1.04927731092437|0.972787018255578
JN	10|2|0.4|0.08|0.02	1.08005331787888|1.13105302810779|1.10057374674008|1.02505708490293|0.979379889886989
5Z-JN	10-10|2-2|0.4-0.4|0.08-0.08|0.02-0.02	0.642751884730656|1.01653247526773|1.06797844394928|1.09039825539317|1.02458158623488
5Z-JN	10-10|2-2|0.4-0.4|0.08-0.08|0.02-0.02	0.621385671538372|0.994103171947709|1.00834098615847|1.10500625277341|1.05356977596799
5Z-JN	10-10|2-2|0.4-0.4|0.08-0.08|0.02-0.02	0.57926007855816|1.04644006749762|1.0461753709297|1.01496008281221|0.998028955913841
5Z-JN	10-10|2-2|0.4-0.4|0.08-0.08|0.02-0.02	0.623067360549813|0.9948809574453|1.00936364109036|1.00701918577445|1.02685252147115
AK-JN	10-10|2-2|0.4-0.4|0.08-0.08|0.02-0.02	0.324316427440441|0.919711510573434|0.908324900796848|0.934509806449118|1.02745032322933
AK-JN	10-10|2-2|0.4-0.4|0.08-0.08|0.02-0.02	0.321377393067918|0.868604968429013|0.949978408409763|0.945922197228972|0.867401854943185
AK-JN	10-10|2-2|0.4-0.4|0.08-0.08|0.02-0.02	0.363823034057621|0.822179941151157|1.02548150542943|1.01621947516618|1.00428368899675
AK-JN	10-10|2-2|0.4-0.4|0.08-0.08|0.02-0.02	0.360188124067517|0.848611678459008|0.967218092414965|0.939912578667185|0.936181553268688
BI-JN	10-10|2-2|0.4-0.4|0.08-0.08|0.02-0.02	0.922539014878453|1.0337008304509|0.980386191632|1.0311171074648|1.05221016337859
BI-JN	10-10|2-2|0.4-0.4|0.08-0.08|0.02-0.02	0.835062796373088|1.09083373566221|1.08445820078526|1.00613523982108|1.05404434215371
BI-JN	10-10|2-2|0.4-0.4|0.08-0.08|0.02-0.02	0.857624037978786|1.04940758770731|1.01014928408463|0.939775830256348|1.08538659853872
BI-JN	10-10|2-2|0.4-0.4|0.08-0.08|0.02-0.02	0.788784310236351|1.01620792580494|1.0585421552241|0.951774482950008|1.01499619746088
CT-JN	10-10|2-2|0.4-0.4|0.08-0.08|0.02-0.02	0.858157157626332|1.0493262078137|0.988874411595191|1.03926137395747|0.985277265092205
CT-JN	10-10|2-2|0.4-0.4|0.08-0.08|0.02-0.02	0.710297392517307|0.979912941878276|1.01638675155693|0.969570024377171|0.99586238447755
CT-JN	10-10|2-2|0.4-0.4|0.08-0.08|0.02-0.02	0.810993203929636|0.957677884822109|0.900068571738939|0.938676950164414|0.987487354963983
CT-JN	10-10|2-2|0.4-0.4|0.08-0.08|0.02-0.02	0.75353778121768|1.02738117060784|1.06235049437282|1.01778565334383|1.04556739153558
PD-JN	10-10|2-2|0.4-0.4|0.08-0.08|0.02-0.02	1.08977147908382|0.991481990664738|1.01491783397149|1.03210157755916|1.025439660328
PD-JN	10-10|2-2|0.4-0.4|0.08-0.08|0.02-0.02	0.939454227910955|1.01570887707619|1.11875415476329|0.933459455466894|1.09574719024825
PD-JN	10-10|2-2|0.4-0.4|0.08-0.08|0.02-0.02	1.0059422729977|1.10035383863128|1.06645855463302|1.1142954179222|1.11211794942203
PD-JN	10-10|2-2|0.4-0.4|0.08-0.08|0.02-0.02	0.94330633176045|1.01053808040736|1.07645949402762|1.09370581533429|1.0457340646159
PI-JN	10-10|2-2|0.4-0.4|0.08-0.08|0.02-0.02	0.352954873881093|0.801371567371855|0.977638977351332|1.02764365729992|0.997856355256039
PI-JN	10-10|2-2|0.4-0.4|0.08-0.08|0.02-0.02	0.353712797262344|0.845824230262602|1.04170633208459|1.00108894413511|0.976652763795005
PI-JN	10-10|2-2|0.4-0.4|0.08-0.08|0.02-0.02	0.363952477542741|0.901823239640684|0.891966386554622|0.978888438133874|0.936503042596349
PI-JN	10-10|2-2|0.4-0.4|0.08-0.08|0.02-0.02	0.344155317299334|0.794213851057664|0.949577513764126|0.943809910170965|0.993798898869893
PK-JN	10-10|2-2|0.4-0.4|0.08-0.08|0.02-0.02	0.00171802958143199|0.00247737967267265|0.0485509464586997|0.962153516858758|1.0395597667846
PK-JN	10-10|2-2|0.4-0.4|0.08-0.08|0.02-0.02	0.00111054950843946|0.0020787208747713|0.0433588902098417|0.92409109353532|0.994217074461395
PK-JN	10-10|2-2|0.4-0.4|0.08-0.08|0.02-0.02	0.00214593288996658|0.00303455708228755|0.0472956046189551|0.986637550044195|0.945108549226472
PK-JN	10-10|2-2|0.4-0.4|0.08-0.08|0.02-0.02	0.00154091216327997|0.00180560873120536|0.0488081564356716|0.946621101043188|1.02395031267282
PD-SB	10-10|2-2|0.4-0.4|0.08-0.08|0.02-0.02	0.911318520492482|0.901811023452829|1.03376407911166|0.906126361168838|1.03913676053099
PD-SB	10-10|2-2|0.4-0.4|0.08-0.08|0.02-0.02	1.04199072890094|0.92631045072499|0.98174792668224|0.97060713449111|0.997702641425093
PD-SB	10-10|2-2|0.4-0.4|0.08-0.08|0.02-0.02	0.926823660497157|0.924356446150173|0.893945155328387|0.952256307314097|0.928459626999637
PD-SB	10-10|2-2|0.4-0.4|0.08-0.08|0.02-0.02	0.896049804126173|0.935215726501773|0.970030862286993|0.92376396098441|0.990829744523934
PI-SB	10-10|2-2|0.4-0.4|0.08-0.08|0.02-0.02	0.747568710359408|0.956982307777901|1.02321130521865|1.09029487036831|1.02484032491376
PI-SB	10-10|2-2|0.4-0.4|0.08-0.08|0.02-0.02	0.734278402136419|0.928487815733838|1.07607878046067|1.06245910759987|1.02324691220652
PI-SB	10-10|2-2|0.4-0.4|0.08-0.08|0.02-0.02	0.742081896648863|0.953273386969554|1.09865008000361|1.09635138485115|1.09352984923264
PI-SB	10-10|2-2|0.4-0.4|0.08-0.08|0.02-0.02	0.722574538570752|0.972158745182881|1.04407635273702|1.10366213688504|1.05923872625245
PK-SB	10-10|2-2|0.4-0.4|0.08-0.08|0.02-0.02	0.00169937729278695|0.00240585998754108|0.00943249868131186|1.0477424775107|1.15185320435251
PK-SB	10-10|2-2|0.4-0.4|0.08-0.08|0.02-0.02	0.00169937729278695|0.00265408363704929|0.00822956868754132|1.12191361339644|1.07660325029775
PK-SB	10-10|2-2|0.4-0.4|0.08-0.08|0.02-0.02	0.00128549670940788|0.00210523374149406|0.00607350619227491|0.977685453859518|1.03250536788028
PK-SB	10-10|2-2|0.4-0.4|0.08-0.08|0.02-0.02	0.00188166909637965|0.00238468954788708|0.00646474432122513|1.02007889968934|1.14330959511511
JN-SB	10-10|2-2|0.4-0.4|0.08-0.08|0.02-0.02	1.05217445429169|1.11333591883442|1.02196239532312|1.10341525541399|1.16897207180032
JN-SB	10-10|2-2|0.4-0.4|0.08-0.08|0.02-0.02	1.02124420057743|1.09520868345327|1.00472572142662|1.10004452807423|1.06407733521022
JN-SB	10-10|2-2|0.4-0.4|0.08-0.08|0.02-0.02	1.09678647288563|1.12615308093074|1.10993191271225|1.0798445894334|1.12722907832195
JN-SB	10-10|2-2|0.4-0.4|0.08-0.08|0.02-0.02	1.1356746427511|1.10993191271225|1.1465970313638|1.11455058075944|1.03102882099616
D1-SB	10-10|2-2|0.4-0.4|0.08-0.08|0.02-0.02	1.11575423923886|1.11366339292565|1.10436967697384|1.16528236016266|1.09652420778025
D1-SB	10-10|2-2|0.4-0.4|0.08-0.08|0.02-0.02	1.11924537711962|1.1314931328167|1.04010972147625|1.06624530039131|1.01528811478554
D1-SB	10-10|2-2|0.4-0.4|0.08-0.08|0.02-0.02	1.1057288296033|1.02583817094727|1.10916747964339|1.0182557544263|1.0051483159308
D1-SB	10-10|2-2|0.4-0.4|0.08-0.08|0.02-0.02	1.09148161384733|1.14210511064533|1.06707299404032|1.0481797370785|1.01131084044084
60-SB	10-10|2-2|0.4-0.4|0.08-0.08|0.02-0.02	1.1580641067939|1.1023120067|1.09859655356191|1.10464685430043|1.05480293378677
60-SB	10-10|2-2|0.4-0.4|0.08-0.08|0.02-0.02	1.16397228637413|1.11752912214806|1.1057229144989|1.0841103469279|1.04333172601071
60-SB	10-10|2-2|0.4-0.4|0.08-0.08|0.02-0.02	1.12698424537144|1.10855702320308|1.10568305277316|1.00370185291536|1.04587662313447
60-SB	10-10|2-2|0.4-0.4|0.08-0.08|0.02-0.02	1.07371137480701|1.09531090343609|1.09255626741847|1.04309215351378|1.07450693755578
RU	10|2|0.4|0.08|0.02	0.835112407240655|0.794065121196947|0.928141460552699|0.870640874930424|1.07236142242815
RU	10|2|0.4|0.08|0.02	0.772050021813087|0.8732799360436|0.995501991115734|0.900332461526228|1.01231633488568
RU	10|2|0.4|0.08|0.02	0.946623276708259|0.803003103914824|0.927310028916813|1.01491824589019|0.876418206096407
RU	10|2|0.4|0.08|0.02	0.774908695383037|0.824650920120619|0.848120407134583|1.08274453277681|1.03907749175384
5Z-RU	10-10|2-2|0.4-0.4|0.08-0.08|0.02-0.02	0.473172360075665|0.914307332814065|0.937985979748526|1.02123511739179|0.996817625458996
5Z-RU	10-10|2-2|0.4-0.4|0.08-0.08|0.02-0.02	0.513844441971737|0.925158562367865|0.967183709803049|1.03071547791254|1.04064092578168
5Z-RU	10-10|2-2|0.4-0.4|0.08-0.08|0.02-0.02	0.534559304081311|0.923011741374259|0.999707029049197|0.996849435467514|1.02560566110022
5Z-RU	10-10|2-2|0.4-0.4|0.08-0.08|0.02-0.02	0.538615824938589|0.905604759651139|1.03659432537805|0.981894395240349|1.07249002771956
AK-RU	10-10|2-2|0.4-0.4|0.08-0.08|0.02-0.02	0.79842091570659|0.965189019922335|0.917692379295283|0.988875284323483|1.04646317100939
AK-RU	10-10|2-2|0.4-0.4|0.08-0.08|0.02-0.02	0.72527131560921|1.00273762044217|0.981791363249057|0.940844008143645|0.987242736474795
AK-RU	10-10|2-2|0.4-0.4|0.08-0.08|0.02-0.02	0.559228329366613|0.876652864654895|0.880490724396026|0.992021536727479|0.959800282250365
AK-RU	10-10|2-2|0.4-0.4|0.08-0.08|0.02-0.02	0.6099402430334|0.915180505162946|1.1006366934789|1.02874202968752|0.977042705504814
BI-RU	10-10|2-2|0.4-0.4|0.08-0.08|0.02-0.02	1.00701436868288|1.07025381002313|1.08295149312688|1.02227840101122|0.98400340903106
BI-RU	10-10|2-2|0.4-0.4|0.08-0.08|0.02-0.02	1.00462038619725|0.993569763043614|1.0728393111076|0.937119656032597|0.992506834819996
BI-RU	10-10|2-2|0.4-0.4|0.08-0.08|0.02-0.02	1.1744816052663|1.09886741123656|1.16547774030397|1.04228618992877|1.03321126853494
BI-RU	10-10|2-2|0.4-0.4|0.08-0.08|0.02-0.02	1.1523627532337|1.16022971529211|1.14783544345558|1.05802011404557|0.977858308400139
CT-RU	10-10|2-2|0.4-0.4|0.08-0.08|0.02-0.02	0.944324023632318|1.07707358244456|1.01437696616282|1.11608992557354|1.01379191283665
CT-RU	10-10|2-2|0.4-0.4|0.08-0.08|0.02-0.02	0.967227422696233|1.07781209238088|1.00517916059234|1.03568825289649|0.984088467735748
CT-RU	10-10|2-2|0.4-0.4|0.08-0.08|0.02-0.02	0.864028436476736|1.08609181968337|1.01068299703465|0.993750543326025|0.979232871948923
CT-RU	10-10|2-2|0.4-0.4|0.08-0.08|0.02-0.02	0.850747133653373|1.03319842749375|1.02485293975601|0.996223280433502|0.923992311333056
PD-RU	10-10|2-2|0.4-0.4|0.08-0.08|0.02-0.02	1.09143973809101|1.04784914854199|1.02211506738066|0.995030835215593|1.01855188691216
PD-RU	10-10|2-2|0.4-0.4|0.08-0.08|0.02-0.02	1.0642844453468|1.08402913483745|1.01203461665355|1.02867294368449|1.04516914955714
PD-RU	10-10|2-2|0.4-0.4|0.08-0.08|0.02-0.02	1.03248133535207|1.08038415736231|0.969154540550082|0.98779059793999|1.00856473021721
PD-RU	10-10|2-2|0.4-0.4|0.08-0.08|0.02-0.02	1.05944096800097|1.05006327209986|1.04525011746981|0.942940747978152|0.975031760356611
D1	10|2|0.4|0.08|0.02	1.21873778576121|1.21466290779965|1.21000590441501|1.17581850992524|1.16968956082795
D1	10|2|0.4|0.08|0.02	1.1703714791807|1.21007243303479|1.1830784455588|1.0996515563539|1.1238513417991
D1	10|2|0.4|0.08|0.02	1.0718951266434|1.1171613020964|1.03646082837177|0.941084776178419|1.04091672939906
D1	10|2|0.4|0.08|0.02	1.07177346381671|1.06572834211587|1.02739694778384|1.05155462280722|0.89962056405928
5Z-D1	10-10|2-2|0.4-0.4|0.08-0.08|0.02-0.02	0.544933003845061|1.00368910516456|1.0499189585101|1.05401837683086|1.07183450826475
5Z-D1	10-10|2-2|0.4-0.4|0.08-0.08|0.02-0.02	0.563573474832579|0.929780751671423|1.10536507659488|1.02840443880857|1.02509965411158
5Z-D1	10-10|2-2|0.4-0.4|0.08-0.08|0.02-0.02	0.521718716758002|0.910388743388281|1.01500245761531|1.01812032777986|1.0473476095106
5Z-D1	10-10|2-2|0.4-0.4|0.08-0.08|0.02-0.02	0.561561429378407|0.965850151491809|1.0301222938721|1.07109477591684|1.03746579513025
AK-D1	10-10|2-2|0.4-0.4|0.08-0.08|0.02-0.02	0.431393547867042|0.95151016146646|1.09920024873473|1.14909305865035|1.0714402240148
AK-D1	10-10|2-2|0.4-0.4|0.08-0.08|0.02-0.02	0.54762329738579|1.06692614919862|1.14891648769665|1.10277772979654|1.02682918871405
AK-D1	10-10|2-2|0.4-0.4|0.08-0.08|0.02-0.02	0.477561713358885|0.995748493972957|1.09029510108332|1.12003412161303|1.07126212794431
AK-D1	10-10|2-2|0.4-0.4|0.08-0.08|0.02-0.02	0.50366161690272|1.02353099999413|1.12519931991556|1.10306722779503|1.05678392058116
BI-D1	10-10|2-2|0.4-0.4|0.08-0.08|0.02-0.02	1.09450628576691|1.04675706337677|1.12304027663235|1.03552933985842|1.14132614401795
BI-D1	10-10|2-2|0.4-0.4|0.08-0.08|0.02-0.02	1.10945146584168|1.15020115291389|1.10557492893713|1.11281727110222|1.08952455907532
BI-D1	10-10|2-2|0.4-0.4|0.08-0.08|0.02-0.02	1.07979438581625|1.15929911329964|1.08595070620431|1.04078994582957|1.14819698495938
BI-D1	10-10|2-2|0.4-0.4|0.08-0.08|0.02-0.02	1.08406576541134|1.15991301603497|1.10733354373192|1.07789215198848|0.983143614330738
CT-D1	10-10|2-2|0.4-0.4|0.08-0.08|0.02-0.02	1.10426289473796|1.199427606149|1.10481327344084|1.08571936613308|1.06870843053162
CT-D1	10-10|2-2|0.4-0.4|0.08-0.08|0.02-0.02	1.08780233783938|1.26732740335562|1.13370392165994|1.13546513350917|1.17189173627546
CT-D1	10-10|2-2|0.4-0.4|0.08-0.08|0.02-0.02	1.07925144758337|1.2423643719156|1.16687621344692|1.05928890941592|1.02064677255194
CT-D1	10-10|2-2|0.4-0.4|0.08-0.08|0.02-0.02	1.01762758833038|1.26546583532189|1.142611551587|1.0912084434523|0.979224933500971
PD-D1	10-10|2-2|0.4-0.4|0.08-0.08|0.02-0.02	1.10279908826239|1.13974373628639|1.1344275081189|1.07576969884419|0.994484301214081
PD-D1	10-10|2-2|0.4-0.4|0.08-0.08|0.02-0.02	1.08582839699584|1.10997106555411|1.09731252563422|1.15103960052086|1.09799386347693
PD-D1	10-10|2-2|0.4-0.4|0.08-0.08|0.02-0.02	1.04065104869481|1.09353888146534|1.06097767011807|1.02414225124354|1.00126163723212
PD-D1	10-10|2-2|0.4-0.4|0.08-0.08|0.02-0.02	1.04996302854372|1.0204472997672|1.02286964325287|1.03423534910051|1.06094256369074
PI-D1	10-10|2-2|0.4-0.4|0.08-0.08|0.02-0.02	0.350996681885088|0.667198895624912|0.999933471380219|1.07206712737736|1.09011301549285
PI-D1	10-10|2-2|0.4-0.4|0.08-0.08|0.02-0.02	0.406897354655756|0.759998004141407|1.0665036715482|1.04771765253765|1.04110637094695
PI-D1	10-10|2-2|0.4-0.4|0.08-0.08|0.02-0.02	0.323661138611979|0.863471496680886|0.963295845974861|0.95478705203367|0.936796161537818
PI-D1	10-10|2-2|0.4-0.4|0.08-0.08|0.02-0.02	0.375535126339242|0.639170867836151|1.00177171491358|0.960938628707865|0.884420314650486
PK-D1	10-10|2-2|0.4-0.4|0.08-0.08|0.02-0.02	0.00243588624856808|0.002836916301686|0.011704136365071|0.969608977132004|0.957065648248371
PK-D1	10-10|2-2|0.4-0.4|0.08-0.08|0.02-0.02	0.00188632654614723|0.00363897640792183|0.0200440761734306|0.932988992096366|0.981394804804192
PK-D1	10-10|2-2|0.4-0.4|0.08-0.08|0.02-0.02	0.00250896846182627|0.00331594662206278|0.0333502065130474|0.970332548363668|1.02274944795358
PK-D1	10-10|2-2|0.4-0.4|0.08-0.08|0.02-0.02	0.00203945389587047|0.00371209953708798|0.0283982950752324|0.913059107482155|1.03045242130129
JN-D1	10-10|2-2|0.4-0.4|0.08-0.08|0.02-0.02	0.694914180758756|1.01428497400377|0.916057784763846|0.998086508251813|0.941560772075688
JN-D1	10-10|2-2|0.4-0.4|0.08-0.08|0.02-0.02	0.784665964221351|0.97349708370039|1.05290795087489|0.94451641630057|0.997825490320265
JN-D1	10-10|2-2|0.4-0.4|0.08-0.08|0.02-0.02	0.815686550723617|0.979885074337769|1.05213524210889|1.06543954076691|1.00544497987725
JN-D1	10-10|2-2|0.4-0.4|0.08-0.08|0.02-0.02	0.768417160197451|1.06662127553007|1.04815960462755|1.04250136466887|0.954168647637607
60	10|2|0.4|0.08|0.02	1.01236221758005|1.06252276314192|1.01292318512348|0.976200742654046|1.03617403390086
60	10|2|0.4|0.08|0.02	1.01149146199026|1.01345903471719|1.01834866225986|0.902881447463715|1.039573329761
60	10|2|0.4|0.08|0.02	1.00612605757716|1.12535288599134|1.06339194231044|1.15040184689612|1.03005097122007
60	10|2|0.4|0.08|0.02	1.03810087891849|1.00355804190967|1.08783564699728|1.09693178330098|1.03716705503941
5Z-60	10-10|2-2|0.4-0.4|0.08-0.08|0.02-0.02	0.483308707414448|0.90257873590713|0.930995211705285|0.966083970855331|1.12713324668397
5Z-60	10-10|2-2|0.4-0.4|0.08-0.08|0.02-0.02	0.47548486246883|0.927591331112061|0.964966278720243|0.947963810483444|0.970791825606158
5Z-60	10-10|2-2|0.4-0.4|0.08-0.08|0.02-0.02	0.493760637706446|0.860818173265252|0.948810715110461|1.02919970235804|1.05613287831747
5Z-60	10-10|2-2|0.4-0.4|0.08-0.08|0.02-0.02	0.456777769224848|0.897202336660423|1.07274266800092|0.962657908466545|1.01560909689614
AK-60	10-10|2-2|0.4-0.4|0.08-0.08|0.02-0.02	0.700352547508746|1.02769055607478|0.998545433355522|1.08014460499214|0.962595897180741
AK-60	10-10|2-2|0.4-0.4|0.08-0.08|0.02-0.02	0.68831259063026|1.07171753167437|1.0606099318438|0.97995208222672|0.961027027148175
AK-60	10-10|2-2|0.4-0.4|0.08-0.08|0.02-0.02	0.629660103958908|1.03742125738058|1.01756857272626|1.00708052756184|0.943660766592724
AK-60	10-10|2-2|0.4-0.4|0.08-0.08|0.02-0.02	0.661484080332282|1.05316649003745|1.028144383959|0.936270863640054|0.987113747018696
BI-60	10-10|2-2|0.4-0.4|0.08-0.08|0.02-0.02	0.961740920655358|1.02327631021768|1.002957306682|1.10661796348639|0.946895860803465
BI-60	10-10|2-2|0.4-0.4|0.08-0.08|0.02-0.02	1.07590879514713|1.12864456203286|1.06898890407516|1.14232597851047|1.09249587732858
BI-60	10-10|2-2|0.4-0.4|0.08-0.08|0.02-0.02	1.11522634437467|0.989125842995417|1.00896558340248|1.07440912479951|0.991791787074547
BI-60	10-10|2-2|0.4-0.4|0.08-0.08|0.02-0.02	1.103384436205|1.01170558148381|0.965273722105625|0.942660322707145|1.10753819251011
CT-60	10-10|2-2|0.4-0.4|0.08-0.08|0.02-0.02	0.962360477132279|1.07227472745564|1.06470576158442|1.08151351943226|0.99230785023576
CT-60	10-10|2-2|0.4-0.4|0.08-0.08|0.02-0.02	0.947010395351861|1.1224447896635|1.05111447205437|1.09627505594602|1.00607707205573
CT-60	10-10|2-2|0.4-0.4|0.08-0.08|0.02-0.02	0.882517803813462|1.04545961734108|1.08203865970923|1.06482885366414|0.996757572774113
CT-60	10-10|2-2|0.4-0.4|0.08-0.08|0.02-0.02	0.899753864330019|1.05598109678055|1.05183289028913|1.03436710314725|0.994860687210791
PD-60	10-10|2-2|0.4-0.4|0.08-0.08|0.02-0.02	0.992522283803871|1.07925750348034|0.985542383332082|1.03747591707263|1.0589466219273
PD-60	10-10|2-2|0.4-0.4|0.08-0.08|0.02-0.02	1.02932920641187|1.10397711095701|1.02448729347198|1.10768714814472|1.10314567136127
PD-60	10-10|2-2|0.4-0.4|0.08-0.08|0.02-0.02	0.982098834740074|0.919014353802269|0.954325260641682|0.972706458966936|0.889053781602855
PD-60	10-10|2-2|0.4-0.4|0.08-0.08|0.02-0.02	0.915890070800809|0.996242724244599|0.928510872342122|0.961114067246937|0.96083418356139
PI-60	10-10|2-2|0.4-0.4|0.08-0.08|0.02-0.02	0.549684456677245|0.961154401992752|1.00941183305616|1.06659452864581|1.04565029520912
PI-60	10-10|2-2|0.4-0.4|0.08-0.08|0.02-0.02	0.546598014509909|0.962875547389596|1.07479357148563|1.01881640389545|1.01687739199268
PI-60	10-10|2-2|0.4-0.4|0.08-0.08|0.02-0.02	0.538408087488553|0.895517601405404|1.00842743674077|0.979628052495982|0.992670089904537
PI-60	10-10|2-2|0.4-0.4|0.08-0.08|0.02-0.02	0.570371769334108|0.949225139061615|1.06175012739149|0.993282994394775|1.02775530857247
PK-60	10-10|2-2|0.4-0.4|0.08-0.08|0.02-0.02	0.0011570950564172|0.00149575702414907|0.00674501752399297|0.995101748518795|0.999398522234393
PK-60	10-10|2-2|0.4-0.4|0.08-0.08|0.02-0.02	0.00142520244753826|0.0019190844838139|0.00536214782242119|0.93172962780697|1.01776387852619
PK-60	10-10|2-2|0.4-0.4|0.08-0.08|0.02-0.02	0.0010804730399775|0.0014801000547637|0.00544676820153042|0.996447759868567|1.03618844633897
PK-60	10-10|2-2|0.4-0.4|0.08-0.08|0.02-0.02	0.00170211506297826|0.00173171706407353|0.00612761422672173|0.998823320456463|1.099891952696
JN-60	10-10|2-2|0.4-0.4|0.08-0.08|0.02-0.02	0.976605958457908|0.995621780523633|1.04522609468906|1.01299152089003|0.973728893922559
JN-60	10-10|2-2|0.4-0.4|0.08-0.08|0.02-0.02	0.975360661867981|1.06691858873543|0.967896039205372|0.918484960717692|0.98328332465562
JN-60	10-10|2-2|0.4-0.4|0.08-0.08|0.02-0.02	0.89536630393652|0.928879664560615|0.961406888432769|1.06070092154097|1.05751317715679
JN-60	10-10|2-2|0.4-0.4|0.08-0.08|0.02-0.02	1.04291988212226|1.08904661980606|1.05366036380037|1.04849270144136|1.0228684348328
D1-60	10-10|2-2|0.4-0.4|0.08-0.08|0.02-0.02	0.947116195643567|0.987375502208512|0.991906137358116|1.10139189649771|0.918665459415355
D1-60	10-10|2-2|0.4-0.4|0.08-0.08|0.02-0.02	0.955695483480051|1.0019864562928|0.935039092220459|0.991513665924184|0.934426285946424
D1-60	10-10|2-2|0.4-0.4|0.08-0.08|0.02-0.02	0.96674133778555|0.900099467989316|1.09681382655543|1.04018271141997|0.896336178241251
D1-60	10-10|2-2|0.4-0.4|0.08-0.08|0.02-0.02	0.899399321059444|1.00053689151594|1.0436699817053|0.985046140692506|0.901418975664845
SB	10|2|0.4|0.08|0.02	0.830108880874332|1.04820596346913|0.913073232824401|0.98428721009013|0.921333397206463
SB	10|2|0.4|0.08|0.02	0.771692341383629|0.933973433340405|1.01415246059826|0.978360696125867|0.987031473484667
SB	10|2|0.4|0.08|0.02	0.785914476059204|0.905542975287979|0.910701978930787|0.973804601096124|0.910997341734764
SB	10|2|0.4|0.08|0.02	0.772800367562601|0.901158478553379|0.981700633389124|0.896773981818779|0.941774145909225
5Z-SB	10-10|2-2|0.4-0.4|0.08-0.08|0.02-0.02	0.389260455440253|0.880913745128829|0.832739156787499|0.93327347899829|0.996393019400839
5Z-SB	10-10|2-2|0.4-0.4|0.08-0.08|0.02-0.02	0.392823767993418|0.844379311127841|0.944662105393702|0.954290036174609|0.97824807292913
5Z-SB	10-10|2-2|0.4-0.4|0.08-0.08|0.02-0.02	0.375786155846396|0.762429195122864|0.900626646554095|0.867261907667674|1.01909555261569
5Z-SB	10-10|2-2|0.4-0.4|0.08-0.08|0.02-0.02	0.374660112181287|0.765130398134543|0.906771069790299|0.988555686276424|0.934180144205187
AK-SB	10-10|2-2|0.4-0.4|0.08-0.08|0.02-0.02	0.638886266421688|0.935939985039833|1.03503293415348|0.981612066899542|1.0583736991554
AK-SB	10-10|2-2|0.4-0.4|0.08-0.08|0.02-0.02	0.508856273466038|0.922744536997364|0.985134242078737|1.0171388317998|1.0343357613345
AK-SB	10-10|2-2|0.4-0.4|0.08-0.08|0.02-0.02	0.488869725725241|0.879247125228503|0.898133135683513|1.05211469866123|1.02027929915084
AK-SB	10-10|2-2|0.4-0.4|0.08-0.08|0.02-0.02	0.556046908573892|0.866354750544309|0.998072201574309|1.00976727446362|0.954228150133093
BI-SB	10-10|2-2|0.4-0.4|0.08-0.08|0.02-0.02	0.837525157116223|0.937162330206002|0.930135094375566|1.0134106611493|1.05103741685584
BI-SB	10-10|2-2|0.4-0.4|0.08-0.08|0.02-0.02	0.777638432488971|0.841772542628193|0.959556352822271|0.995087637603473|0.938382924381369
BI-SB	10-10|2-2|0.4-0.4|0.08-0.08|0.02-0.02	0.770162662996019|0.911312404718559|0.922894187647085|1.02151325429599|1.0297648121013
BI-SB	10-10|2-2|0.4-0.4|0.08-0.08|0.02-0.02	0.722866065746044|0.877018486449684|0.960118704024392|1.02905436407501|1.00906561283543
CT-SB	10-10|2-2|0.4-0.4|0.08-0.08|0.02-0.02	0.785553128181456|0.895296679388015|0.934366070677738|0.950146984360435|0.895969425821654
CT-SB	10-10|2-2|0.4-0.4|0.08-0.08|0.02-0.02	0.619613779135199|0.906253858003983|0.925563112024806|0.884153421971254|0.95409042356187
CT-SB	10-10|2-2|0.4-0.4|0.08-0.08|0.02-0.02	0.757138980304021|0.827215845459375|0.887240231321691|1.00324507791627|1.00109698158065
CT-SB	10-10|2-2|0.4-0.4|0.08-0.08|0.02-0.02	0.783061381279455|0.76622061178701|0.955436556624507|0.992565752005718|1.04342441720465
PI-RU	10-10|2-2|0.4-0.4|0.08-0.08|0.02-0.02	0.683122938454987|0.970595240672975|0.996838663577507|1.17075547279302|0.974601043674079
PI-RU	10-10|2-2|0.4-0.4|0.08-0.08|0.02-0.02	0.766515817508607|0.920208734815841|0.966069765931187|1.0679687330836|1.02825715089968
PI-RU	10-10|2-2|0.4-0.4|0.08-0.08|0.02-0.02	0.72444056960186|1.06064516129032|1.08118957667345|1.22626368303788|0.974670154024993
PI-RU	10-10|2-2|0.4-0.4|0.08-0.08|0.02-0.02	0.886726726726727|0.965951758209823|1.1021524750557|1.08902450837935|1.02021505376344
PK-RU	10-10|2-2|0.4-0.4|0.08-0.08|0.02-0.02	0.00102017604929932|0.00191627663314331|0.00401177338305543|0.980830340587153|1.04077946964632
PK-RU	10-10|2-2|0.4-0.4|0.08-0.08|0.02-0.02	0.00148890558546387|0.00151647791112061|0.00373605012648804|0.981243925472004|0.973902793765897
PK-RU	10-10|2-2|0.4-0.4|0.08-0.08|0.02-0.02	0.000993399755444296|0.00189021897910929|0.00304918536046097|1.03176292238892|1.03625391711666
PK-RU	10-10|2-2|0.4-0.4|0.08-0.08|0.02-0.02	0.00136592466373591|0.0019040161979349|0.00648469284803916|1.01034274016215|1.05382467529108
JN-RU	10-10|2-2|0.4-0.4|0.08-0.08|0.02-0.02	1.04186060063079|1.09762617544013|1.00431935552011|1.00908302923031|1.05489150623866
JN-RU	10-10|2-2|0.4-0.4|0.08-0.08|0.02-0.02	0.985803669631216|1.08241738231031|1.08018122355032|0.994209295719249|1.11605445447195
JN-RU	10-10|2-2|0.4-0.4|0.08-0.08|0.02-0.02	0.946832036122674|1.06862652479289|1.18351112542102|1.09687531932204|1.07127171630899
JN-RU	10-10|2-2|0.4-0.4|0.08-0.08|0.02-0.02	1.00504938526289|1.11091874133613|1.09096798200036|1.10120942320558|1.03745490931736
D1-RU	10-10|2-2|0.4-0.4|0.08-0.08|0.02-0.02	1.05722113278376|1.16096299529322|1.15953682131228|1.17828199311912|1.09753923515273
D1-RU	10-10|2-2|0.4-0.4|0.08-0.08|0.02-0.02	1.10777654148711|1.1745608265252|1.12526766375899|1.11495658980491|1.06422905665558
D1-RU	10-10|2-2|0.4-0.4|0.08-0.08|0.02-0.02	1.03661166902502|1.08411361687179|1.18768215065834|1.13219648425924|1.08670420401266
D1-RU	10-10|2-2|0.4-0.4|0.08-0.08|0.02-0.02	1.08643729503451|1.13771521989571|1.09683889491833|1.07728388713675|1.09069998842086
60-RU	10-10|2-2|0.4-0.4|0.08-0.08|0.02-0.02	1.06580056473827|1.03930774958537|1.06146762768055|1.22637411452426|1.07616320244101
60-RU	10-10|2-2|0.4-0.4|0.08-0.08|0.02-0.02	1.0109798081492|1.0703446869635|1.02970974783399|0.959334111320071|1.01768675777972
60-RU	10-10|2-2|0.4-0.4|0.08-0.08|0.02-0.02	1.04507797454971|1.09515538269833|1.03831136955783|1.01496809273874|1.03757127213684
60-RU	10-10|2-2|0.4-0.4|0.08-0.08|0.02-0.02	1.01197749499679|1.02475550353057|1.0628025525809|0.992901106370124|1.05828644790998
SB-RU	10-10|2-2|0.4-0.4|0.08-0.08|0.02-0.02	0.877801219394174|0.934977257330882|1.02696990225491|1.09611535855995|1.06368334462402
SB-RU	10-10|2-2|0.4-0.4|0.08-0.08|0.02-0.02	0.890374528210587|0.984635633407529|1.04583760766476|1.05163650440337|1.01052550082261
SB-RU	10-10|2-2|0.4-0.4|0.08-0.08|0.02-0.02	0.857208620543448|1.04519849297976|0.987275935729544|1.02014609858626|0.973231411599856
SB-RU	10-10|2-2|0.4-0.4|0.08-0.08|0.02-0.02	0.967093494211379|1.03669424691388|1.05104566691299|1.01326517014549|1.02691396012777
D4	10|2|0.4|0.08|0.02	0.973655529812557|0.95011873055742|0.9719738143184|0.894492201315058|0.925917906300298
D4	10|2|0.4|0.08|0.02	0.990746955950602|0.935322521274062|0.972789410244751|1.08666969808515|0.959913099336697
D4	10|2|0.4|0.08|0.02	0.976514579095224|0.974499660951274|1.08163130872808|1.13069456553328|0.937843650101715
D4	10|2|0.4|0.08|0.02	0.88347185895573|1.04499854693403|1.09072168943137|0.955009202751138|1.04268914075366
5Z-D4	10-10|2-2|0.4-0.4|0.08-0.08|0.02-0.02	0.438820455908405|0.799135607590661|0.919164834255857|0.924569010084578|0.942918392809137
5Z-D4	10-10|2-2|0.4-0.4|0.08-0.08|0.02-0.02	0.382572911568659|0.806235481447271|0.95168639236798|1.0106911692734|0.904820331832939
5Z-D4	10-10|2-2|0.4-0.4|0.08-0.08|0.02-0.02	0.443711658822373|0.759171270051239|0.888064888320137|0.982141224882594|0.996945640682479
5Z-D4	10-10|2-2|0.4-0.4|0.08-0.08|0.02-0.02	0.416303483625288|0.818595891533164|0.826756946468516|0.929380660093442|0.896736440352036
AK-D4	10-10|2-2|0.4-0.4|0.08-0.08|0.02-0.02	0.468566309026943|0.874818812869203|0.880806182578357|0.976793479448463|0.932143143296258
AK-D4	10-10|2-2|0.4-0.4|0.08-0.08|0.02-0.02	0.546271004960339|0.96393738755472|0.964563803363707|0.946747372331359|0.988855625723838
AK-D4	10-10|2-2|0.4-0.4|0.08-0.08|0.02-0.02	0.440590193897165|0.873630409676928|1.0154527769691|0.968571962897911|1.0064375324142
AK-D4	10-10|2-2|0.4-0.4|0.08-0.08|0.02-0.02	0.499185427539683|0.975690073012684|1.0381412709644|1.10292918328748|1.06023594645608
BI-D4	10-10|2-2|0.4-0.4|0.08-0.08|0.02-0.02	1.14746352088751|1.13779996270637|1.07081896401575|1.0986293566439|1.13307883504536
BI-D4	10-10|2-2|0.4-0.4|0.08-0.08|0.02-0.02	1.01791938428627|1.15116009827486|1.11216161665837|1.02066517901967|1.14049657902664
BI-D4	10-10|2-2|0.4-0.4|0.08-0.08|0.02-0.02	1.00970881408023|0.997431001085299|0.991700308319121|1.00500650590634|1.02415329995663
BI-D4	10-10|2-2|0.4-0.4|0.08-0.08|0.02-0.02	0.985176738882554|1.01989060657028|1.03738099490322|1.09862090486069|1.07756649664303
CT-D4	10-10|2-2|0.4-0.4|0.08-0.08|0.02-0.02	0.788092069450791|0.894820683766597|0.998752915174565|0.949321021480809|0.929862857080438
CT-D4	10-10|2-2|0.4-0.4|0.08-0.08|0.02-0.02	0.791762322017328|0.951148865516921|0.966849390384885|1.01068123601581|0.993458721492278
CT-D4	10-10|2-2|0.4-0.4|0.08-0.08|0.02-0.02	0.758992561265718|0.963078201110146|0.92916965600574|0.974383566816448|0.976430162745912
CT-D4	10-10|2-2|0.4-0.4|0.08-0.08|0.02-0.02	0.641030094777782|0.904217800098176|0.960382131933693|0.98743344787222|0.962776120530151
PD-D4	10-10|2-2|0.4-0.4|0.08-0.08|0.02-0.02	0.854048195103068|0.889329333204297|0.88048001548437|0.986145359527727|1.00902351688764
PD-D4	10-10|2-2|0.4-0.4|0.08-0.08|0.02-0.02	0.721989741604568|0.871847478950934|0.880936804413046|0.931261008419626|1.02564598858028
PD-D4	10-10|2-2|0.4-0.4|0.08-0.08|0.02-0.02	0.835507852092343|0.815640382650692|0.886969443670475|0.959857212658647|0.941459612907394
PD-D4	10-10|2-2|0.4-0.4|0.08-0.08|0.02-0.02	0.815317334367088|0.732374687551738|0.888730056816117|0.895756356984506|0.941774584983908
PI-D4	10-10|2-2|0.4-0.4|0.08-0.08|0.02-0.02	0.700437904935346|0.91452073938773|1.11970427387252|1.09068198398633|1.15764034590688
PI-D4	10-10|2-2|0.4-0.4|0.08-0.08|0.02-0.02	0.744666484432561|0.977091000591959|1.12638780021108|1.00747461545285|1.15204298311197
PI-D4	10-10|2-2|0.4-0.4|0.08-0.08|0.02-0.02	0.703438553208362|0.942844975071774|1.14452496861026|1.00020559361485|1.04929841178933
PI-D4	10-10|2-2|0.4-0.4|0.08-0.08|0.02-0.02	0.711185026910736|1.03460581095667|1.03227085490231|1.04945994962956|1.08960210292897
PK-D4	10-10|2-2|0.4-0.4|0.08-0.08|0.02-0.02	0.0011187698922847|0.00165793610543395|0.0399252580837022|1.06025687900268|1.05897635924645
PK-D4	10-10|2-2|0.4-0.4|0.08-0.08|0.02-0.02	0.00144226962017425|0.00152314455214664|0.0306448596398707|1.0479032331439|1.01985985048247
PK-D4	10-10|2-2|0.4-0.4|0.08-0.08|0.02-0.02	0.00127299984087502|0.00180899977387503|0.0192423975947003|1.02542817182148|1.03486847064144
PK-D4	10-10|2-2|0.4-0.4|0.08-0.08|0.02-0.02	0.00147399981575002|0.00200999974875003|0.0253862968267129|1.06083766739529|1.14370325703709
JN-D4	10-10|2-2|0.4-0.4|0.08-0.08|0.02-0.02	0.982132917125986|1.14236546934291|1.19232490367929|1.09989340143999|1.05843274649553
JN-D4	10-10|2-2|0.4-0.4|0.08-0.08|0.02-0.02	1.14371887085566|1.11743668664025|1.1813594408851|1.16356148335716|1.18243634101352
JN-D4	10-10|2-2|0.4-0.4|0.08-0.08|0.02-0.02	0.981707949937547|1.05906353006861|1.10488849758957|1.03915737032543|0.998228416204086
JN-D4	10-10|2-2|0.4-0.4|0.08-0.08|0.02-0.02	0.954651033781777|1.10874661341178|0.999867578584952|1.08539033896303|1.05137593008149
D1-D4	10-10|2-2|0.4-0.4|0.08-0.08|0.02-0.02	1.08902523510792|1.15823518829685|1.08763200300081|1.07565173790395|1.06386285084379
D1-D4	10-10|2-2|0.4-0.4|0.08-0.08|0.02-0.02	1.02414808066967|1.12750753072574|1.13907441926335|1.04474801253909|1.04983866831507
D1-D4	10-10|2-2|0.4-0.4|0.08-0.08|0.02-0.02	1.07161189031985|1.1069128464196|1.21230589784738|1.15208571103039|1.08485167998177
D1-D4	10-10|2-2|0.4-0.4|0.08-0.08|0.02-0.02	1.09981403270939|1.15690579781513|1.13210243456867|1.0632848814193|1.03133635747432
60-D4	10-10|2-2|0.4-0.4|0.08-0.08|0.02-0.02	1.12614649209533|1.16281923086303|1.13959391339095|1.09213772350616|1.05319873405135
60-D4	10-10|2-2|0.4-0.4|0.08-0.08|0.02-0.02	1.16338954560548|1.13799553128383|1.17085616624675|1.06204611670065|1.06197857942852
60-D4	10-10|2-2|0.4-0.4|0.08-0.08|0.02-0.02	1.06222699966566|0.981711898590375|1.07896562757272|1.0332220061188|1.00739505103196
60-D4	10-10|2-2|0.4-0.4|0.08-0.08|0.02-0.02	1.12550016357551|1.10537498337282|0.982603474990922|0.968453294698356|1.04535894937787
SB-D4	10-10|2-2|0.4-0.4|0.08-0.08|0.02-0.02	1.06475428995156|1.04191216178094|1.12563170493838|1.18991851308546|1.02639660189088
SB-D4	10-10|2-2|0.4-0.4|0.08-0.08|0.02-0.02	1.07108141437426|1.09521314752275|1.16332041041678|1.05097163675052|1.05808864422217
SB-D4	10-10|2-2|0.4-0.4|0.08-0.08|0.02-0.02	0.806746836942524|1.215699311789|1.07532108233694|0.965597092776651|1.01858284325526
SB-D4	10-10|2-2|0.4-0.4|0.08-0.08|0.02-0.02	1.00458170451636|1.00649998280428|1.03374564852709|0.949211480628064|0.980637617360801
RU-D4	10-10|2-2|0.4-0.4|0.08-0.08|0.02-0.02	1.02462151726185|1.10281805131399|1.05598267931202|0.945150551318512|1.0640999415282
RU-D4	10-10|2-2|0.4-0.4|0.08-0.08|0.02-0.02	0.935266463071345|1.05805363113524|0.986330631803231|0.967279323247701|1.12737982958094
RU-D4	10-10|2-2|0.4-0.4|0.08-0.08|0.02-0.02	0.926595736869544|0.863559266030795|0.935847449537782|1.0558113238026|0.969021447819606
RU-D4	10-10|2-2|0.4-0.4|0.08-0.08|0.02-0.02	1.05191238774956|0.959916587733404|0.934577174703174|0.976856033071202|0.923666027857935
F4	10|2|0.4|0.08|0.02	0.893667998294887|1.02477300259979|0.904330010159913|0.944228309932958|0.996298286967847
F4	10|2|0.4|0.08|0.02	0.92870032299426|0.966738499331939|1.06361318867953|0.969151268135782|0.946398453940884
F4	10|2|0.4|0.08|0.02	0.909263586342052|0.998775575153053|0.974528278183965|1.02357897205263|0.95452208068474
F4	10|2|0.4|0.08|0.02	0.937939582757552|0.946140381732452|0.966213579223303|0.959902180012227|0.980538177432728
5Z-F4	10-10|2-2|0.4-0.4|0.08-0.08|0.02-0.02	0.48076314382074|0.897057806980205|0.986884375125062|0.953027508249564|0.980575777751098
5Z-F4	10-10|2-2|0.4-0.4|0.08-0.08|0.02-0.02	0.371079410469943|0.801635723978855|1.02298235848404|1.02827226654733|1.07090441419907
5Z-F4	10-10|2-2|0.4-0.4|0.08-0.08|0.02-0.02	0.398001510319923|0.833531965455905|0.915354084126967|1.0278478656889|1.05597131107938
5Z-F4	10-10|2-2|0.4-0.4|0.08-0.08|0.02-0.02	0.360844777048864|0.821485195643693|0.980849000218316|1.07973558664476|0.961307894105815
AK-F4	10-10|2-2|0.4-0.4|0.08-0.08|0.02-0.02	0.56145722892258|0.943753995016516|1.01895025319314|1.00446676337637|1.12116909015054
AK-F4	10-10|2-2|0.4-0.4|0.08-0.08|0.02-0.02	0.517493866333924|0.909512636691763|1.04138741421479|1.02447725089278|1.13826297638778
AK-F4	10-10|2-2|0.4-0.4|0.08-0.08|0.02-0.02	0.522670436221716|0.986487921781733|1.07681820200721|1.06855298909108|1.1169701428839
AK-F4	10-10|2-2|0.4-0.4|0.08-0.08|0.02-0.02	0.454208209982755|0.982409386810033|1.02944385545147|1.02964469240083|1.12060838146661
BI-F4	10-10|2-2|0.4-0.4|0.08-0.08|0.02-0.02	0.974600357572335|0.935113565799125|1.08889593444382|1.12730963400427|1.05268845243969
BI-F4	10-10|2-2|0.4-0.4|0.08-0.08|0.02-0.02	0.84008862390932|1.02796981083936|0.973467232228786|1.1025234551318|1.01912993233141
BI-F4	10-10|2-2|0.4-0.4|0.08-0.08|0.02-0.02	0.822033441305153|0.971875797655298|0.975895081590026|0.964685665392815|0.930180220665159
BI-F4	10-10|2-2|0.4-0.4|0.08-0.08|0.02-0.02	0.732106457098278|0.980079738566791|0.920739577004519|0.991382626483414|1.04768136209866
CT-F4	10-10|2-2|0.4-0.4|0.08-0.08|0.02-0.02	0.70830747406685|1.08230097768177|1.07555473164126|1.11039018610612|1.03721316364281
CT-F4	10-10|2-2|0.4-0.4|0.08-0.08|0.02-0.02	0.70296367343978|1.13407861754346|0.988103394079101|1.11738629311109|1.1111317089684
CT-F4	10-10|2-2|0.4-0.4|0.08-0.08|0.02-0.02	0.683977026515803|0.800204820151857|0.841764968875744|0.935676537010925|0.988601147145701
CT-F4	10-10|2-2|0.4-0.4|0.08-0.08|0.02-0.02	0.726836407546247|0.795703362336784|0.997810411436301|0.984092046787648|1.00615606837019
PD-F4	10-10|2-2|0.4-0.4|0.08-0.08|0.02-0.02	0.89662796213418|1.19202260399695|1.11152267618124|0.99103677274321|1.17568007919649
PD-F4	10-10|2-2|0.4-0.4|0.08-0.08|0.02-0.02	0.934865015364943|0.925534679398602|1.08651803576216|0.972136861426774|0.989741580217378
PD-F4	10-10|2-2|0.4-0.4|0.08-0.08|0.02-0.02	1.0124818166946|0.915784214459099|1.14581573955759|1.04623533729203|1.03602173595851
PD-F4	10-10|2-2|0.4-0.4|0.08-0.08|0.02-0.02	0.968107919299285|1.050135075983|1.10465183115281|1.1222669773488|1.14271186590558
PI-F4	10-10|2-2|0.4-0.4|0.08-0.08|0.02-0.02	0.817600728920684|0.913323293432353|1.04123454972636|1.08816876582826|1.03791620993075
PI-F4	10-10|2-2|0.4-0.4|0.08-0.08|0.02-0.02	0.833380747660948|0.852479106196821|1.10308140078502|1.07926415616091|1.14193860275613
PI-F4	10-10|2-2|0.4-0.4|0.08-0.08|0.02-0.02	0.897981852926838|0.954862703876875|1.08749966573346|1.05318849135741|1.07115043228377
PI-F4	10-10|2-2|0.4-0.4|0.08-0.08|0.02-0.02	0.836435669633582|0.916083671542501|1.1318326651431|1.22752546082499|1.08922756660132
PK-F4	10-10|2-2|0.4-0.4|0.08-0.08|0.02-0.02	0.00121400485217762|0.00164428505294944|0.0766359771874658|0.842865128286889|0.94713892479893
PK-F4	10-10|2-2|0.4-0.4|0.08-0.08|0.02-0.02	0.00164428505294944|0.0019669952035283|0.115445714582081|0.899254885313038|0.89870935148706
PK-F4	10-10|2-2|0.4-0.4|0.08-0.08|0.02-0.02	0.00105623025819629|0.00185640469622378|0.164483857480931|0.926706021912777|0.938804659415753
PK-F4	10-10|2-2|0.4-0.4|0.08-0.08|0.02-0.02	0.00172837678613938|0.00224048842647697|0.182615810246634|0.89127429779692|1.08496452226585
JN-F4	10-10|2-2|0.4-0.4|0.08-0.08|0.02-0.02	1.1624653356755|1.1543153182876|1.06392502697353|1.04492318118184|1.06525364031138
JN-F4	10-10|2-2|0.4-0.4|0.08-0.08|0.02-0.02	1.16555948888512|1.19021462901371|1.00862261139397|1.08399689692992|1.15723113413645
JN-F4	10-10|2-2|0.4-0.4|0.08-0.08|0.02-0.02	1.13511006490858|1.10333865498235|1.06244974537657|1.06282264924895|1.13044876650391
JN-F4	10-10|2-2|0.4-0.4|0.08-0.08|0.02-0.02	1.15336370946127|1.13305909361053|1.18823022152821|1.13613555055761|1.04503513453673
D1-F4	10-10|2-2|0.4-0.4|0.08-0.08|0.02-0.02	1.07088474724915|1.27676609782863|1.08559834778717|1.17049918548088|1.05466252553182
D1-F4	10-10|2-2|0.4-0.4|0.08-0.08|0.02-0.02	1.06246918573081|1.23767826835735|1.1095908773859|1.09004241861057|1.06659517377544
D1-F4	10-10|2-2|0.4-0.4|0.08-0.08|0.02-0.02	1.07881433138047|1.15473494105849|1.20002478365931|1.04193257467798|0.986995463213477
D1-F4	10-10|2-2|0.4-0.4|0.08-0.08|0.02-0.02	1.00975971324388|1.24039461093097|1.09393236355792|1.1645749717168|0.964047630521535
60-F4	10-10|2-2|0.4-0.4|0.08-0.08|0.02-0.02	1.21293524186281|1.20155897051767|1.11689704006273|1.11500567643169|0.983715078241125
60-F4	10-10|2-2|0.4-0.4|0.08-0.08|0.02-0.02	1.1531512973865|1.12921899322339|1.12083894149179|1.10694397303402|1.05549326435786
60-F4	10-10|2-2|0.4-0.4|0.08-0.08|0.02-0.02	1.19375313671656|1.1983487339966|1.20149775140476|1.05420246213799|0.981893149903069
60-F4	10-10|2-2|0.4-0.4|0.08-0.08|0.02-0.02	1.17523297808481|1.16938761452091|1.11025497200327|1.07611765516291|1.14246351568112
SB-F4	10-10|2-2|0.4-0.4|0.08-0.08|0.02-0.02	0.820525089199167|0.820442592859942|0.927341349227628|1.03129498628498|1.11091220327098
SB-F4	10-10|2-2|0.4-0.4|0.08-0.08|0.02-0.02	0.690106626518448|0.79613092169035|1.03304390867655|0.894441809144719|1.08397714851403
SB-F4	10-10|2-2|0.4-0.4|0.08-0.08|0.02-0.02	0.794750827920714|0.863531253177933|1.0192820413054|0.996157740450725|1.14552392237663
SB-F4	10-10|2-2|0.4-0.4|0.08-0.08|0.02-0.02	0.809129456291534|0.867855453223032|0.914776118743064|0.988968426265315|1.02185533826475
RU-F4	10-10|2-2|0.4-0.4|0.08-0.08|0.02-0.02	0.910959871563539|0.927798257672666|0.949769327638309|0.941374007531915|0.999106753855978
RU-F4	10-10|2-2|0.4-0.4|0.08-0.08|0.02-0.02	0.833428493557288|0.8824157832018|0.962294667778085|0.951567756400437|0.983374481012054
RU-F4	10-10|2-2|0.4-0.4|0.08-0.08|0.02-0.02	0.949835335161343|0.992300556013815|0.954089262536024|1.03012512882118|1.08056337796392
RU-F4	10-10|2-2|0.4-0.4|0.08-0.08|0.02-0.02	0.898269836404814|0.982517345861986|0.977424152351488|1.04149636215157|1.00495537284604
D4-F4	10-10|2-2|0.4-0.4|0.08-0.08|0.02-0.02	0.905401745324064|0.806298994796299|0.823717659352544|0.959209821145583|1.05456298706662
D4-F4	10-10|2-2|0.4-0.4|0.08-0.08|0.02-0.02	0.807005883697567|0.77477328651475|0.935429156477926|0.908605796104812|0.910265448307789
D4-F4	10-10|2-2|0.4-0.4|0.08-0.08|0.02-0.02	0.946726386352225|0.869629579248276|0.901500527114911|0.98035771798252|0.974636470750624
D4-F4	10-10|2-2|0.4-0.4|0.08-0.08|0.02-0.02	0.784699064396038|0.946086246801803|0.834245865598701|0.932107199369463|0.905861477802161
SF	10|2|0.4|0.08|0.02	1.0554718360723|1.0012037771853|1.01405298402989|1.10926730095321|1.12799272383568
SF	10|2|0.4|0.08|0.02	1.06658225364923|0.930073920836046|1.03747759636905|0.891383630413654|1.00214896519746
SF	10|2|0.4|0.08|0.02	1.12462214349807|1.08783517648841|1.02190577185275|0.99076829850955|1.14414366121683
SF	10|2|0.4|0.08|0.02	1.01858692738862|1.06694323703868|1.04090522415019|1.10729143602951|1.0709612762635
5Z-SF	10-10|2-2|0.4-0.4|0.08-0.08|0.02-0.02	0.474397744338695|0.895284877208687|0.963681762723879|1.08835203584339|1.03674083296792
5Z-SF	10-10|2-2|0.4-0.4|0.08-0.08|0.02-0.02	0.448687567734592|0.946232650288433|1.01611998082415|1.04278440576457|0.979531373186076
5Z-SF	10-10|2-2|0.4-0.4|0.08-0.08|0.02-0.02	0.521696028418596|0.901886541325605|0.926862962427514|1.10632419321157|1.01288061848999
5Z-SF	10-10|2-2|0.4-0.4|0.08-0.08|0.02-0.02	0.448593412595147|0.914581282370787|1.01625853946224|0.952931700365559|1.15859935608381
AK-SF	10-10|2-2|0.4-0.4|0.08-0.08|0.02-0.02	0.00292131412319612|0.888547652766236|1.07760911038026|0.994922812233003|0.958837092262497
AK-SF	10-10|2-2|0.4-0.4|0.08-0.08|0.02-0.02	0.0017790053955361|0.890307931789188|1.0536206270994|1.09108273545488|1.08832059549865
AK-SF	10-10|2-2|0.4-0.4|0.08-0.08|0.02-0.02	0.00269634615573859|0.934116651413614|1.01893346716657|0.990031391767288|0.965616666174633
AK-SF	10-10|2-2|0.4-0.4|0.08-0.08|0.02-0.02	0.00204686131530521|0.897784863066946|1.05068933959201|1.02410966453124|0.956327064820555
BI-SF	10-10|2-2|0.4-0.4|0.08-0.08|0.02-0.02	0.00166408598048149|1.02182996694151|0.875236168299974|0.969496492228516|0.894661328062375
BI-SF	10-10|2-2|0.4-0.4|0.08-0.08|0.02-0.02	0.00213490055056893|0.942440889433663|1.02909512280752|1.01290884258761|0.966915129585622
BI-SF	10-10|2-2|0.4-0.4|0.08-0.08|0.02-0.02	0.00156411076748072|1.03084936651423|1.04547003828726|0.976506972630153|1.12741438689158
BI-SF	10-10|2-2|0.4-0.4|0.08-0.08|0.02-0.02	0.00141355465082482|1.04364663642998|1.06224868106569|0.962354697664498|1.15535091075995
CT-SF	10-10|2-2|0.4-0.4|0.08-0.08|0.02-0.02	0.00207128180160256|0.765936904300179|1.0675435918172|1.01909540274465|1.00888753187381
CT-SF	10-10|2-2|0.4-0.4|0.08-0.08|0.02-0.02	0.00279746824997318|0.850851206047153|1.10751685495251|1.02531750026819|0.982588029476568
CT-SF	10-10|2-2|0.4-0.4|0.08-0.08|0.02-0.02	0.00169059574575459|0.765612777875905|1.04880018167596|1.12944412202569|1.06674068279882
CT-SF	10-10|2-2|0.4-0.4|0.08-0.08|0.02-0.02	0.00327184947810216|0.812722363806111|1.08491668979671|1.12899834304795|1.10059465233445
PD-SF	10-10|2-2|0.4-0.4|0.08-0.08|0.02-0.02	0.930736456196729|0.884627965873298|0.943310750898531|0.963274912512781|1.03370083794343
PD-SF	10-10|2-2|0.4-0.4|0.08-0.08|0.02-0.02	0.915800366613108|0.93247282804364|0.968804968821427|0.978285065350535|0.93457128691076
PD-SF	10-10|2-2|0.4-0.4|0.08-0.08|0.02-0.02	0.87741983062722|0.84379929284611|0.902944562576564|0.968538616911876|0.976347628002639
PD-SF	10-10|2-2|0.4-0.4|0.08-0.08|0.02-0.02	0.913097096408101|1.04719412316605|0.920660283435145|1.03237912625934|0.972193201325811
PI-SF	10-10|2-2|0.4-0.4|0.08-0.08|0.02-0.02	0.18814333154887|0.529968097283699|0.980027071609194|1.02108712966953|0.982969259360814
PI-SF	10-10|2-2|0.4-0.4|0.08-0.08|0.02-0.02	0.160279594883379|0.512854662018358|1.03011390096666|1.09036781699244|0.959527509020243
PI-SF	10-10|2-2|0.4-0.4|0.08-0.08|0.02-0.02	0.147171621312835|0.490261912457053|1.03304218225385|0.963215328970527|0.957377211166533
PI-SF	10-10|2-2|0.4-0.4|0.08-0.08|0.02-0.02	0.12729402416355|0.50062889456598|0.954478738011376|1.00096135437746|1.02209879923339
PK-SF	10-10|2-2|0.4-0.4|0.08-0.08|0.02-0.02	0.00241416595044988|0.00383024915813427|0.00841972365050896|0.980390233291178|1.10044167294023
PK-SF	10-10|2-2|0.4-0.4|0.08-0.08|0.02-0.02	0.00412029029705758|0.0058775983740635|0.00896568344142342|0.982574072454836|0.971654876636546
PK-SF	10-10|2-2|0.4-0.4|0.08-0.08|0.02-0.02	0.0041477629874156|0.00563582640970491|0.0100487041447698|0.963991430807189|1.08242930629733
PK-SF	10-10|2-2|0.4-0.4|0.08-0.08|0.02-0.02	0.00366884602392019|0.0051569094462095|0.00963820389034512|0.94273949055208|1.09574490830023
JN-SF	10-10|2-2|0.4-0.4|0.08-0.08|0.02-0.02	0.489006875525257|0.798678697966955|1.00343046376951|1.04867504853741|0.987389656891061
JN-SF	10-10|2-2|0.4-0.4|0.08-0.08|0.02-0.02	0.483367985535747|0.782154081000653|1.06729339536668|1.03471128841546|1.02303311388097
JN-SF	10-10|2-2|0.4-0.4|0.08-0.08|0.02-0.02	0.403051238012841|0.750491478891035|1.05369647805584|0.946980242334428|1.02422915979596
JN-SF	10-10|2-2|0.4-0.4|0.08-0.08|0.02-0.02	0.534566277909362|0.684978092248125|1.03563917954077|0.994719011131622|1.0337375095833
D1-SF	10-10|2-2|0.4-0.4|0.08-0.08|0.02-0.02	0.41027431036827|0.900376042844126|1.00897185868257|0.996665739919596|0.967467119081587
D1-SF	10-10|2-2|0.4-0.4|0.08-0.08|0.02-0.02	0.686796695368768|0.974358870288557|0.981997430813596|1.02316935321848|0.959877263512074
D1-SF	10-10|2-2|0.4-0.4|0.08-0.08|0.02-0.02	0.403900239844258|0.926346693097629|0.935605894271967|1.05725523652993|1.0544866768292
D1-SF	10-10|2-2|0.4-0.4|0.08-0.08|0.02-0.02	0.559123596116489|0.984218791494416|1.07778941799606|0.960606573865549|0.859089930095959
60-SF	10-10|2-2|0.4-0.4|0.08-0.08|0.02-0.02	0.792871819839744|0.924996492849539|1.01213886665401|0.942854077784471|0.949876630824964
60-SF	10-10|2-2|0.4-0.4|0.08-0.08|0.02-0.02	0.781203323953425|0.971274374695703|0.934544194221866|1.02557331594887|0.990485307102599
60-SF	10-10|2-2|0.4-0.4|0.08-0.08|0.02-0.02	0.801275096094808|1.02410570849419|1.01081644840319|0.968551554759321|1.00721657288486
60-SF	10-10|2-2|0.4-0.4|0.08-0.08|0.02-0.02	0.9012978055899|0.94606074369391|1.14426417030439|1.08128317058195|1.01434062560454
SB-SF	10-10|2-2|0.4-0.4|0.08-0.08|0.02-0.02	0.827698011195895|0.932810227312471|1.06855171363854|0.862853369158004|0.97951122366897
SB-SF	10-10|2-2|0.4-0.4|0.08-0.08|0.02-0.02	0.822579417410214|0.931485317988524|0.977149428787152|0.967348391490132|0.944133675944461
SB-SF	10-10|2-2|0.4-0.4|0.08-0.08|0.02-0.02	0.833564817660001|0.868340728540584|1.01243460055638|0.957812493598332|1.04812825460818
SB-SF	10-10|2-2|0.4-0.4|0.08-0.08|0.02-0.02	0.846298504160572|0.876575834675123|0.910073460424374|1.01647430933681|0.963654912179353
RU-SF	10-10|2-2|0.4-0.4|0.08-0.08|0.02-0.02	0.917762370463221|0.993736970155945|1.09989946074399|1.05156227558202|1.02135697529172
RU-SF	10-10|2-2|0.4-0.4|0.08-0.08|0.02-0.02	0.946191912465562|0.952781368465492|0.984170507614434|1.00147544622455|1.12403758688376
RU-SF	10-10|2-2|0.4-0.4|0.08-0.08|0.02-0.02	0.887764449650351|0.945964473118103|0.935243416163517|1.03847681941977|0.935490445125604
RU-SF	10-10|2-2|0.4-0.4|0.08-0.08|0.02-0.02	0.757769575501314|0.905542300621895|1.00568784185206|0.860904167172733|1.02852155224765
D4-SF	10-10|2-2|0.4-0.4|0.08-0.08|0.02-0.02	0.357518356831642|0.977523944388877|0.933727732411457|1.03499474300436|1.05105790372767
D4-SF	10-10|2-2|0.4-0.4|0.08-0.08|0.02-0.02	0.333982371470189|0.943529416782719|0.987402404355735|1.02276183143918|0.996470455257955
D4-SF	10-10|2-2|0.4-0.4|0.08-0.08|0.02-0.02	0.322593335357328|0.894197835466367|0.95512291489389|1.05838938514759|0.991631781271781
D4-SF	10-10|2-2|0.4-0.4|0.08-0.08|0.02-0.02	0.292318941593511|0.990306207533535|0.973321759506716|0.99523221058663|1.02222260231505
F4-SF	10-10|2-2|0.4-0.4|0.08-0.08|0.02-0.02	0.888625666542239|0.965568153618044|0.851931173844226|0.973158967065462|0.938274591420295
F4-SF	10-10|2-2|0.4-0.4|0.08-0.08|0.02-0.02	0.804075682912537|0.836657789863762|0.927522329295326|0.969088289084869|1.00495696801223
F4-SF	10-10|2-2|0.4-0.4|0.08-0.08|0.02-0.02	0.91169655515057|0.79889840199761|0.903027681290394|0.989553664355252|0.945275592237418
F4-SF	10-10|2-2|0.4-0.4|0.08-0.08|0.02-0.02	0.8838482261788|0.784738670287264|0.9560602880773|0.938217141584468|0.925710663485795
ST	10|2|0.4|0.08|0.02	0.784917460985657|1.11190125387137|1.17189614216556|1.10781188922633|1.18362299666236
ST	10|2|0.4|0.08|0.02	0.739009832516463|1.06243046576661|1.04735093363803|1.23333433562859|1.07914875063896
ST	10|2|0.4|0.08|0.02	0.647527524208231|0.807714749404559|0.928626770779861|0.950493092244757|0.907206830913839
ST	10|2|0.4|0.08|0.02	0.6543252782711|0.824530581922183|0.978442957214324|1.00651398290358|0.911861953302108
5Z-ST	10-10|2-2|0.4-0.4|0.08-0.08|0.02-0.02	0.328800687636053|0.877842508949478|0.891568883809925|0.998765021455694|1.06133726770054
5Z-ST	10-10|2-2|0.4-0.4|0.08-0.08|0.02-0.02	0.310569111045977|0.776047344137475|0.927900305945351|1.07158594298022|0.963144946961788
5Z-ST	10-10|2-2|0.4-0.4|0.08-0.08|0.02-0.02	0.335445693363505|0.839945340367419|0.958053281347148|1.12511899927716|0.991711753000467
5Z-ST	10-10|2-2|0.4-0.4|0.08-0.08|0.02-0.02	0.315799228631942|0.815709084046767|1.11305478937339|1.02439969603583|1.08003659701664
AK-ST	10-10|2-2|0.4-0.4|0.08-0.08|0.02-0.02	0.203091808198386|0.972294321288843|1.09335375594745|1.15275029542328|1.00358666384816
AK-ST	10-10|2-2|0.4-0.4|0.08-0.08|0.02-0.02	0.256527901472438|0.851740831482245|1.0610703159383|1.08388634953859|1.14505716137215
AK-ST	10-10|2-2|0.4-0.4|0.08-0.08|0.02-0.02	0.224128124739894|0.914178897428072|1.10772549454818|1.01999694808978|1.03313403434786
AK-ST	10-10|2-2|0.4-0.4|0.08-0.08|0.02-0.02	0.277689149071942|0.935056737785423|1.00076297755459|1.05549621285687|0.98813223094637
BI-ST	10-10|2-2|0.4-0.4|0.08-0.08|0.02-0.02	0.668962056046406|1.03718919844225|0.952991203601038|1.05335807685275|1.12572898065259
BI-ST	10-10|2-2|0.4-0.4|0.08-0.08|0.02-0.02	0.676462921680536|0.953878235429141|1.0519964051868|1.01136412267495|1.02853674762777
BI-ST	10-10|2-2|0.4-0.4|0.08-0.08|0.02-0.02	0.699964485948662|1.04377931607312|0.958002208469422|1.1341519031068|1.16755451795012
BI-ST	10-10|2-2|0.4-0.4|0.08-0.08|0.02-0.02	0.700989153659403|0.913957022175905|1.03667650580548|1.05041636829042|1.08351624040102
CT-ST	10-10|2-2|0.4-0.4|0.08-0.08|0.02-0.02	0.605229398094847|1.0865213260605|1.08192388290452|0.966446017774458|0.974332877329923
CT-ST	10-10|2-2|0.4-0.4|0.08-0.08|0.02-0.02	0.729646736028204|1.04086422643569|1.09161411662723|0.983489064625423|1.06779100209168
CT-ST	10-10|2-2|0.4-0.4|0.08-0.08|0.02-0.02	0.750992975187302|1.08250650301397|1.11679724614881|1.10572265229514|0.911091727543185
CT-ST	10-10|2-2|0.4-0.4|0.08-0.08|0.02-0.02	0.704295883241694|1.08195355212536|0.914043394962695|1.22114920328344|0.933521284715191
PD-ST	10-10|2-2|0.4-0.4|0.08-0.08|0.02-0.02	0.758297423765093|0.97496187751719|1.01321713520103|0.941961286065478|1.01798898370893
PD-ST	10-10|2-2|0.4-0.4|0.08-0.08|0.02-0.02	0.79922427285639|1.00312624476445|1.0364165268507|0.946580242294028|0.958755295906913
PD-ST	10-10|2-2|0.4-0.4|0.08-0.08|0.02-0.02	0.827465721912322|1.03136813404656|1.10420072213494|0.967262226575668|0.945102055095122
PD-ST	10-10|2-2|0.4-0.4|0.08-0.08|0.02-0.02	0.806569180569778|1.00822419682099|1.01753604844198|0.917446364625141|1.01801945057531
PI-ST	10-10|2-2|0.4-0.4|0.08-0.08|0.02-0.02	0.354677210812761|0.726110292569985|0.946883362901043|1.1743768229245|0.917115193793788
PI-ST	10-10|2-2|0.4-0.4|0.08-0.08|0.02-0.02	0.395247617043029|0.781000992272304|0.966563430255285|0.991866373996452|1.09159725772018
PI-ST	10-10|2-2|0.4-0.4|0.08-0.08|0.02-0.02	0.359681538613603|0.747045113237446|0.946609572334544|0.971811002031036|0.984411716879283
PI-ST	10-10|2-2|0.4-0.4|0.08-0.08|0.02-0.02	0.299872781244321|0.739297204056971|0.875864465792822|0.972869564108369|0.840204952922683
PK-ST	10-10|2-2|0.4-0.4|0.08-0.08|0.02-0.02	0.00110654077569826|0.00175202289485557|0.00594107011714183|0.899367361657703|0.0126461802936944
PK-ST	10-10|2-2|0.4-0.4|0.08-0.08|0.02-0.02	0.00108019456675306|0.00163346495460219|0.00662607154971694|0.876591064024581|0.00493991417722436
PK-ST	10-10|2-2|0.4-0.4|0.08-0.08|0.02-0.02	0.00155014987590376|0.0023184850317865|0.0107297330540817|0.906130000286441|0.0232522481385564
PK-ST	10-10|2-2|0.4-0.4|0.08-0.08|0.02-0.02	0.0012670790289996|0.0016849455172867|0.0272219797772839|0.90083927136216|0.00544574391187061
JN-ST	10-10|2-2|0.4-0.4|0.08-0.08|0.02-0.02	0.714456507802293|0.940821779193191|0.948119860414667|0.942831697098441|1.0316146224993
JN-ST	10-10|2-2|0.4-0.4|0.08-0.08|0.02-0.02	0.627974591865377|0.955944678742346|1.01658182271831|0.99316974449785|0.97487256080868
JN-ST	10-10|2-2|0.4-0.4|0.08-0.08|0.02-0.02	0.705927641983187|0.917584551785367|0.836195655189635|0.938920178675471|1.01675082540299
JN-ST	10-10|2-2|0.4-0.4|0.08-0.08|0.02-0.02	0.649425685986183|0.888133618178287|0.817211386399578|0.932733124323724|0.966921454928835
D1-ST	10-10|2-2|0.4-0.4|0.08-0.08|0.02-0.02	0.800802997233861|0.992495243875395|1.06397133486619|1.06920015406342|1.1090776814233
D1-ST	10-10|2-2|0.4-0.4|0.08-0.08|0.02-0.02	0.835576201091672|0.976349708407739|1.05930274629723|1.01758890743356|0.996938183996857
D1-ST	10-10|2-2|0.4-0.4|0.08-0.08|0.02-0.02	0.727785766822113|0.99265460741448|0.960517301941241|1.01200685440597|1.10719227462647
D1-ST	10-10|2-2|0.4-0.4|0.08-0.08|0.02-0.02	0.713564621018496|0.947631329215256|1.07707325403803|0.911441928704086|1.05740273904547
60-ST	10-10|2-2|0.4-0.4|0.08-0.08|0.02-0.02	0.733524377477946|1.02429330758559|1.09276734731787|0.898444106043045|0.979417928093357
60-ST	10-10|2-2|0.4-0.4|0.08-0.08|0.02-0.02	0.779854839989242|1.02799293355959|1.10681509029448|0.941485152154858|0.89015477671635
60-ST	10-10|2-2|0.4-0.4|0.08-0.08|0.02-0.02	0.764131399822433|0.893607576205978|0.980537686328873|1.02149499228984|0.941667575271413
60-ST	10-10|2-2|0.4-0.4|0.08-0.08|0.02-0.02	0.673891372408529|0.911854955530288|1.05911901683774|0.896715004439183|1.0037226834473
SB-ST	10-10|2-2|0.4-0.4|0.08-0.08|0.02-0.02	0.741189582402903|0.970471672681771|0.855206987981862|0.975533211824206|0.924056795458295
SB-ST	10-10|2-2|0.4-0.4|0.08-0.08|0.02-0.02	0.565339320273114|0.915969598577297|0.911970258428187|0.880860703063076|0.99881307309458
SB-ST	10-10|2-2|0.4-0.4|0.08-0.08|0.02-0.02	0.667222155083037|0.94543280392319|1.04888934119498|0.935306801340805|1.07122760819833
SB-ST	10-10|2-2|0.4-0.4|0.08-0.08|0.02-0.02	0.648615413319425|0.987293732521727|1.01373667728879|0.992891020381336|1.08552613445788
RU-ST	10-10|2-2|0.4-0.4|0.08-0.08|0.02-0.02	0.687758076515316|0.946093048429699|1.08207973436743|0.895480151546787|1.05097574967617
RU-ST	10-10|2-2|0.4-0.4|0.08-0.08|0.02-0.02	0.851078321471358|1.07714980144452|0.99758976552412|1.0655466205026|0.991784120832007
RU-ST	10-10|2-2|0.4-0.4|0.08-0.08|0.02-0.02	0.807876175866631|1.08983255821504|1.1660619932309|1.17539587848093|1.10532680773008
RU-ST	10-10|2-2|0.4-0.4|0.08-0.08|0.02-0.02	0.816844822128613|1.06202569659191|1.16305891710698|1.07474412979782|1.02000698012288
D4-ST	10-10|2-2|0.4-0.4|0.08-0.08|0.02-0.02	0.609357390991158|0.992738553055036|1.01970853520156|1.11882050864984|1.04013353316835
D4-ST	10-10|2-2|0.4-0.4|0.08-0.08|0.02-0.02	0.755771398031857|1.05507468640231|1.01542524969696|1.11166362654088|0.974156994419336
D4-ST	10-10|2-2|0.4-0.4|0.08-0.08|0.02-0.02	0.718220957455241|0.993699578747533|1.08378844967879|1.05594209566819|1.0287994401344
D4-ST	10-10|2-2|0.4-0.4|0.08-0.08|0.02-0.02	0.739300979958126|1.01172508588408|1.02589185082366|1.10036016215997|1.06112317236553
F4-ST	10-10|2-2|0.4-0.4|0.08-0.08|0.02-0.02	0.734396645102307|0.967220185036123|1.03656798735951|1.10134454282563|0.950819346311699
F4-ST	10-10|2-2|0.4-0.4|0.08-0.08|0.02-0.02	0.722495503284342|1.0884576016854|1.11105943614664|1.12307187788808|1.19072633137565
F4-ST	10-10|2-2|0.4-0.4|0.08-0.08|0.02-0.02	0.561925363997646|1.0516436730251|1.11082810571629|0.992561594680723|0.955273118795998
F4-ST	10-10|2-2|0.4-0.4|0.08-0.08|0.02-0.02	0.553359092510614|1.013512742132|0.970083005438559|1.13548762988668|1.07153978336309
SF-ST	10-10|2-2|0.4-0.4|0.08-0.08|0.02-0.02	0.283835255708345|1.07585823911792|1.00227729223907|1.21418862786985|1.09757872556725
SF-ST	10-10|2-2|0.4-0.4|0.08-0.08|0.02-0.02	0.332686197190668|1.04600488598984|1.06865689020854|1.06656097522745|0.99693897886843
SF-ST	10-10|2-2|0.4-0.4|0.08-0.08|0.02-0.02	0.454891216833778|0.979191378086423|1.01274825763229|1.0547964157007|1.04298482955074
SF-ST	10-10|2-2|0.4-0.4|0.08-0.08|0.02-0.02	0.342454351440047|1.00930094370219|1.10169802890754|1.14000857292543|1.14218582382865
G2	10|2|0.4|0.08|0.02	0.970284508153198|0.982279105737093|1.07275415261165|1.07391747875498|1.08904071861829
G2	10|2|0.4|0.08|0.02	0.981045274979014|1.01152089470356|1.02974633761575|1.05675841814084|1.15456594494912
G2	10|2|0.4|0.08|0.02	0.891786087226999|1.02064031638117|1.23020729187496|1.06328067719789|1.02365304716834
G2	10|2|0.4|0.08|0.02	0.888933324446222|1.142136017241|0.98082605701082|1.10871159101513|1.0705414472661
5Z-G2	10-10|2-2|0.4-0.4|0.08-0.08|0.02-0.02	0.45992837427861|0.960925203585848|1.06601884167066|1.09210520312963|1.04635598439745
5Z-G2	10-10|2-2|0.4-0.4|0.08-0.08|0.02-0.02	0.515340222176601|0.958160541983166|1.15637674217021|1.13097470289012|1.04680307488766
5Z-G2	10-10|2-2|0.4-0.4|0.08-0.08|0.02-0.02	0.494743318066854|0.977920568733338|1.08292660696789|1.10486476633172|1.04770888873698
5Z-G2	10-10|2-2|0.4-0.4|0.08-0.08|0.02-0.02	0.486513090436804|0.981475152095153|1.07751270307836|0.959300020507212|1.06418757262971
AK-G2	10-10|2-2|0.4-0.4|0.08-0.08|0.02-0.02	0.31521569470093|0.76409906083967|0.968099360852035|1.06964949231016|1.03786439846507
AK-G2	10-10|2-2|0.4-0.4|0.08-0.08|0.02-0.02	0.293736431028576|0.812847015991875|0.940238753083742|1.09791552219382|1.05022977298389
AK-G2	10-10|2-2|0.4-0.4|0.08-0.08|0.02-0.02	0.299512203040412|0.867945814767018|0.976429910638194|1.05670944021038|1.02462522421616
AK-G2	10-10|2-2|0.4-0.4|0.08-0.08|0.02-0.02	0.29185841713539|0.734974473852947|0.916668695772156|1.06226107282865|1.03611807770662
BI-G2	10-10|2-2|0.4-0.4|0.08-0.08|0.02-0.02	0.840174584548415|0.910883650319697|0.924585516608382|1.03657058320069|1.02777164588925
BI-G2	10-10|2-2|0.4-0.4|0.08-0.08|0.02-0.02	0.736252628643794|0.948000294330649|1.06339340002246|1.04188402597855|1.04522235518738
BI-G2	10-10|2-2|0.4-0.4|0.08-0.08|0.02-0.02	0.801760019487035|0.849294464947503|0.943334873479267|0.974506396116512|1.02395088029973
BI-G2	10-10|2-2|0.4-0.4|0.08-0.08|0.02-0.02	0.7991230834366|0.903672571418629|0.991665812820072|1.01286182957738|0.964028248467426
CT-G2	10-10|2-2|0.4-0.4|0.08-0.08|0.02-0.02	0.609677130846973|0.921992666130042|0.884866191654493|1.04568663109044|0.955533693070586
CT-G2	10-10|2-2|0.4-0.4|0.08-0.08|0.02-0.02	0.582599449462878|0.866310904411253|0.966202585735722|1.01523020202924|0.945945999662125
CT-G2	10-10|2-2|0.4-0.4|0.08-0.08|0.02-0.02	0.604363050868142|0.912985026740073|0.907426398367055|1.02881865368604|0.89160871507896
CT-G2	10-10|2-2|0.4-0.4|0.08-0.08|0.02-0.02	0.494780912489002|0.904552603245027|0.923543271284291|1.00354500343478|1.00012006952222
PD-G2	10-10|2-2|0.4-0.4|0.08-0.08|0.02-0.02	0.801678523365198|0.971349110915552|0.997870496637803|0.974304888452986|1.1246643960921
PD-G2	10-10|2-2|0.4-0.4|0.08-0.08|0.02-0.02	0.792981371883838|0.926063016281408|1.02087182002002|1.1400165254835|0.982939341622946
PD-G2	10-10|2-2|0.4-0.4|0.08-0.08|0.02-0.02	0.81968960566811|1.01695760937851|1.01503437108066|1.05413416855097|0.948564715381144
PD-G2	10-10|2-2|0.4-0.4|0.08-0.08|0.02-0.02	0.775763568695668|1.02616556632337|0.964177418732976|1.07051798159769|0.98452564279931
PI-G2	10-10|2-2|0.4-0.4|0.08-0.08|0.02-0.02	0.290258685838046|0.824621974085148|0.968134117403403|0.93676837691767|0.918877830925527
PI-G2	10-10|2-2|0.4-0.4|0.08-0.08|0.02-0.02	0.263035091468721|0.818770091061117|0.943360558396549|0.985610448783906|0.879298302821727
PI-G2	10-10|2-2|0.4-0.4|0.08-0.08|0.02-0.02	0.305432246883957|0.707805105645538|0.91292852540603|1.0374725054989|0.989082183563287
PI-G2	10-10|2-2|0.4-0.4|0.08-0.08|0.02-0.02	0.274905018996201|0.759679175276056|1.02819436112777|0.980301717434291|0.918989535426248
PK-G2	10-10|2-2|0.4-0.4|0.08-0.08|0.02-0.02	0.00225370104245079|0.00199822076233491|0.0021442094938297|0.854481169734711|0.961171559570246
PK-G2	10-10|2-2|0.4-0.4|0.08-0.08|0.02-0.02	0.00176098907365588|0.00172449189078218|0.00360409680877757|0.872748009762996|0.94284997376765
PK-G2	10-10|2-2|0.4-0.4|0.08-0.08|0.02-0.02	0.00228769339439925|0.00188666347665596|0.0032720395561328|0.877845375623761|0.992868047485588
PK-G2	10-10|2-2|0.4-0.4|0.08-0.08|0.02-0.02	0.00201426390502882|0.00190489210928065|0.00257935151639438|0.816761227698407|0.968988538747237
JN-G2	10-10|2-2|0.4-0.4|0.08-0.08|0.02-0.02	0.476519555588789|1.07259678673096|1.13604832945833|1.04126054468023|1.05142308621988
JN-G2	10-10|2-2|0.4-0.4|0.08-0.08|0.02-0.02	0.5801134851918|1.08831707686074|1.02649321019106|1.02254227001685|1.13737690265071
JN-G2	10-10|2-2|0.4-0.4|0.08-0.08|0.02-0.02	0.498772219932219|0.964594062709007|0.96130287433659|0.916554260501088|0.937392037954523
JN-G2	10-10|2-2|0.4-0.4|0.08-0.08|0.02-0.02	0.507824591849337|0.916618416219849|0.993085617410579|0.967821095362664|0.884970400155257
D1-G2	10-10|2-2|0.4-0.4|0.08-0.08|0.02-0.02	0.685002294961914|0.998423610430645|1.04260377611486|1.11913001174127|1.01062902585313
D1-G2	10-10|2-2|0.4-0.4|0.08-0.08|0.02-0.02	0.733156956485115|0.994098423782338|1.09009143747131|1.03286694893839|1.06500673016921
D1-G2	10-10|2-2|0.4-0.4|0.08-0.08|0.02-0.02	0.756826387941559|0.999922294957979|0.995335970700019|1.10873007513214|1.08327735692343
D1-G2	10-10|2-2|0.4-0.4|0.08-0.08|0.02-0.02	0.702004617406275|1.02629365944125|1.03630897596842|1.05077938157147|1.06517380891121
60-G2	10-10|2-2|0.4-0.4|0.08-0.08|0.02-0.02	0.868704230900073|1.04780218796441|1.1624572523321|1.09011476965497|1.03006212959481
60-G2	10-10|2-2|0.4-0.4|0.08-0.08|0.02-0.02	0.905939016311257|0.99229020071261|1.00720130346816|1.03238975130257|1.02827165135808
60-G2	10-10|2-2|0.4-0.4|0.08-0.08|0.02-0.02	0.733814654865914|0.860740691579717|0.889740076891352|0.981870643652987|0.912304986560605
60-G2	10-10|2-2|0.4-0.4|0.08-0.08|0.02-0.02	0.751689602917637|0.876517166239229|0.938358924279558|0.957883575811302|0.928094102626094
SB-G2	10-10|2-2|0.4-0.4|0.08-0.08|0.02-0.02	0.816600069685894|0.836260388016992|1.01295119763364|1.03443521065156|1.01593138163406
SB-G2	10-10|2-2|0.4-0.4|0.08-0.08|0.02-0.02	0.829766255717579|0.960212319576547|0.930254798318642|1.05154532177832|1.03602167676124
SB-G2	10-10|2-2|0.4-0.4|0.08-0.08|0.02-0.02	0.855337510589363|0.970655436753438|1.08292438110009|1.02485788084443|1.10409367317405
SB-G2	10-10|2-2|0.4-0.4|0.08-0.08|0.02-0.02	0.829919266131208|0.986972017667491|1.0215900364708|1.11028220062527|1.051808163196
RU-G2	10-10|2-2|0.4-0.4|0.08-0.08|0.02-0.02	0.792822776638913|1.05456613531173|1.01718781144793|0.987599686197633|1.08190863523401
RU-G2	10-10|2-2|0.4-0.4|0.08-0.08|0.02-0.02	0.823003395868269|1.01352312646638|1.05488066915246|1.10298971730357|1.02660188244846
RU-G2	10-10|2-2|0.4-0.4|0.08-0.08|0.02-0.02	0.764358408132922|0.969073071049538|1.06214316842633|1.05402782508066|1.09797372767457
RU-G2	10-10|2-2|0.4-0.4|0.08-0.08|0.02-0.02	0.722792908596185|0.970713718079711|1.05904498229346|0.997520718661994|0.983033219440202
D4-G2	10-10|2-2|0.4-0.4|0.08-0.08|0.02-0.02	0.712827372441214|1.00917150210791|0.971061152572393|1.08096419774725|1.01155524395531
D4-G2	10-10|2-2|0.4-0.4|0.08-0.08|0.02-0.02	0.85971162627651|0.957769762271566|1.09063938524552|1.00772502098689|0.980581359950554
D4-G2	10-10|2-2|0.4-0.4|0.08-0.08|0.02-0.02	0.716411437657993|0.999747021799873|0.946503670085994|0.981273906915435|1.04014745015093
D4-G2	10-10|2-2|0.4-0.4|0.08-0.08|0.02-0.02	0.817876618917824|0.981570633225358|0.975057871140894|1.00564350616373|0.979288123149027
F4-G2	10-10|2-2|0.4-0.4|0.08-0.08|0.02-0.02	0.794897166000351|0.896014802113892|1.03308042910827|0.926725014911669|0.969754092231499
F4-G2	10-10|2-2|0.4-0.4|0.08-0.08|0.02-0.02	0.784651153893641|0.864435104242565|1.01541249241374|0.957421315948269|0.918106678862644
F4-G2	10-10|2-2|0.4-0.4|0.08-0.08|0.02-0.02	0.710434767267111|0.724516947535057|0.825119530123516|0.926113462596414|1.04125373105602
F4-G2	10-10|2-2|0.4-0.4|0.08-0.08|0.02-0.02	0.728090421070021|0.833652240718672|0.807386889458093|0.9240540640242|0.899880189195215
SF-G2	10-10|2-2|0.4-0.4|0.08-0.08|0.02-0.02	0.00209039227517539|0.92657325226187|1.02420282306101|1.03963321867119|1.02054463657946
SF-G2	10-10|2-2|0.4-0.4|0.08-0.08|0.02-0.02	0.00189785614456713|0.969206252610841|1.07004705101692|1.04670892147104|1.03679331074472
SF-G2	10-10|2-2|0.4-0.4|0.08-0.08|0.02-0.02	0.00256944672283302|0.918307825933799|1.04237342280349|1.06467649664228|1.04231816588472
SF-G2	10-10|2-2|0.4-0.4|0.08-0.08|0.02-0.02	0.00151956526619157|0.977266958262032|1.03414704902152|1.05530354179582|0.958514141454259
ST-G2	10-10|2-2|0.4-0.4|0.08-0.08|0.02-0.02	0.436611698984799|0.932559846735063|0.84935274211742|1.01296664339045|1.05976974449876
ST-G2	10-10|2-2|0.4-0.4|0.08-0.08|0.02-0.02	0.485993088754006|0.889194463841292|0.962682852589927|1.08966356913932|0.997410968469678
ST-G2	10-10|2-2|0.4-0.4|0.08-0.08|0.02-0.02	0.529599062007676|0.846860427816782|0.907842570250663|0.860797577906615|0.894569093974632
ST-G2	10-10|2-2|0.4-0.4|0.08-0.08|0.02-0.02	0.419302794856844|0.788014682993042|0.834326473790415|0.865879423109438|0.79598508946165
G4	10|2|0.4|0.08|0.02	0.802336701484903|0.943294956668718|1.05624541296306|0.942464656648701|0.996575012417433
G4	10|2|0.4|0.08|0.02	0.906472633459608|0.900541919030921|0.912729537181873|1.05769843799809|1.02489417381441
G4	10|2|0.4|0.08|0.02	0.88472546899793|0.936497784016618|0.924196198961158|0.948323909036193|0.979470314879069
G4	10|2|0.4|0.08|0.02	0.785935439319413|0.927607436044022|1.00242824232613|0.973576119831023|1.00731114142483
5Z-G4	10-10|2-2|0.4-0.4|0.08-0.08|0.02-0.02	0.372437326389206|0.759643113811876|0.90213425840418|0.975442587516298|0.922630161235167
5Z-G4	10-10|2-2|0.4-0.4|0.08-0.08|0.02-0.02	0.346067686951052|0.817517340506655|0.933711993065626|0.980299575196447|0.948838876382715
5Z-G4	10-10|2-2|0.4-0.4|0.08-0.08|0.02-0.02	0.393711341338812|0.708818111571322|0.949678279371427|0.934114105536085|1.00837535660269
5Z-G4	10-10|2-2|0.4-0.4|0.08-0.08|0.02-0.02	0.270128138927647|0.747409938365872|0.902224028887107|0.995499207142674|1.003219037365
AK-G4	10-10|2-2|0.4-0.4|0.08-0.08|0.02-0.02	0.507589413381795|0.739675833248771|0.946603813617956|1.01970277026965|0.992824789439212
AK-G4	10-10|2-2|0.4-0.4|0.08-0.08|0.02-0.02	0.426165810278503|0.696015719412183|0.909386444774495|1.03280228042177|0.940611248973718
AK-G4	10-10|2-2|0.4-0.4|0.08-0.08|0.02-0.02	0.47851302076894|0.710925805107877|0.945042863637142|0.88268468835178|0.9926179819948
AK-G4	10-10|2-2|0.4-0.4|0.08-0.08|0.02-0.02	0.47002969165191|0.700852327304337|0.967000610571445|0.974715494629444|0.973429680619778
BI-G4	10-10|2-2|0.4-0.4|0.08-0.08|0.02-0.02	0.794070116358916|0.918605198054727|1.0356827738009|1.05420237232972|1.11676715988298
BI-G4	10-10|2-2|0.4-0.4|0.08-0.08|0.02-0.02	0.777951067172111|1.02211477861705|1.11165752664403|1.00846400586968|0.962989022566293
BI-G4	10-10|2-2|0.4-0.4|0.08-0.08|0.02-0.02	0.792160532532161|0.906160907608171|1.01428130321864|0.968953935740766|0.955345117287026
BI-G4	10-10|2-2|0.4-0.4|0.08-0.08|0.02-0.02	0.793062230414118|0.973591239133688|1.04881860528554|1.04765927943731|1.18311097135215
CT-G4	10-10|2-2|0.4-0.4|0.08-0.08|0.02-0.02	0.786279407388705|0.981649969792334|1.01693973795977|1.0448786733875|1.0121930765832
CT-G4	10-10|2-2|0.4-0.4|0.08-0.08|0.02-0.02	0.721903714190389|0.991035085979134|1.12237621619672|1.03068918565542|1.0071362230498
CT-G4	10-10|2-2|0.4-0.4|0.08-0.08|0.02-0.02	0.821381728845125|1.07243872961782|1.11475838567155|1.08661660689874|1.13383393101262
CT-G4	10-10|2-2|0.4-0.4|0.08-0.08|0.02-0.02	0.831343490579121|1.03762407623878|1.14804350841044|1.06636023220336|1.03481069086442
PD-G4	10-10|2-2|0.4-0.4|0.08-0.08|0.02-0.02	0.897266381228562|1.03164989115329|1.07570268381437|1.09027448649257|0.907950227734623
PD-G4	10-10|2-2|0.4-0.4|0.08-0.08|0.02-0.02	0.861945424020179|0.967964526416413|1.04403672672649|1.09828335488846|1.17364865407633
PD-G4	10-10|2-2|0.4-0.4|0.08-0.08|0.02-0.02	0.822669597381354|0.897748580395495|0.938365702279156|0.895005309862286|0.935310869164613
PD-G4	10-10|2-2|0.4-0.4|0.08-0.08|0.02-0.02	0.830413067390606|0.888804454585004|1.00489571202499|0.963951829385291|1.02454695191108
PI-G4	10-10|2-2|0.4-0.4|0.08-0.08|0.02-0.02	0.544776754840492|0.884565461640544|0.97908458996783|1.12019870781768|1.05511192890713
PI-G4	10-10|2-2|0.4-0.4|0.08-0.08|0.02-0.02	0.700553050709122|0.861155819908579|1.03279052814993|0.998639698781544|0.964115046177554
PI-G4	10-10|2-2|0.4-0.4|0.08-0.08|0.02-0.02	0.580504779025684|0.97323923606785|1.08117224071338|1.08727729028354|1.05779328266557
PI-G4	10-10|2-2|0.4-0.4|0.08-0.08|0.02-0.02	0.614705515903387|0.906902443799726|0.981613655376181|1.04787925173095|1.10730114091451
PK-G4	10-10|2-2|0.4-0.4|0.08-0.08|0.02-0.02	0.00142093075404799|0.00190049488353918|0.0704781654007802|1.02134726437527|1.05674620178549
PK-G4	10-10|2-2|0.4-0.4|0.08-0.08|0.02-0.02	0.00159854709830399|0.00213139613107198|0.0454253800434716|1.07337109160785|1.11752651478989
PK-G4	10-10|2-2|0.4-0.4|0.08-0.08|0.02-0.02	0.00099122001239025|0.00167482002093525|0.0729486659118583|0.964508342056354|0.933917241673966
PK-G4	10-10|2-2|0.4-0.4|0.08-0.08|0.02-0.02	0.00155519001943988|0.0019824400247805|0.0361368054517101|1.02230672277883|1.01977740274722
JN-G4	10-10|2-2|0.4-0.4|0.08-0.08|0.02-0.02	0.737423402928118|1.0813121491212|1.10866693575019|1.05472791986203|0.989193850218325
JN-G4	10-10|2-2|0.4-0.4|0.08-0.08|0.02-0.02	0.763814992844824|1.07027666678898|1.10885040179063|1.14448868014531|1.24248706564415
JN-G4	10-10|2-2|0.4-0.4|0.08-0.08|0.02-0.02	0.756273104066316|1.11955304133528|1.12447257383966|1.03245771255741|1.0623483066353
JN-G4	10-10|2-2|0.4-0.4|0.08-0.08|0.02-0.02	0.816446361226242|1.07000298719241|1.14056607296217|1.00615174937456|1.12312833725402
D1-G4	10-10|2-2|0.4-0.4|0.08-0.08|0.02-0.02	0.644972673997498|0.839477372564882|1.01312965035886|1.04277154333123|1.10971601651789
D1-G4	10-10|2-2|0.4-0.4|0.08-0.08|0.02-0.02	0.705234740238362|0.806110489234213|0.881671354259752|1.04376487409344|0.935717578003744
D1-G4	10-10|2-2|0.4-0.4|0.08-0.08|0.02-0.02	0.656792190841705|0.854286758869695|1.03876353730775|0.991951020377236|1.06557200038644
D1-G4	10-10|2-2|0.4-0.4|0.08-0.08|0.02-0.02	0.736838715421496|0.826644793547177|0.967006571407463|1.02701873296293|1.0728462017871
60-G4	10-10|2-2|0.4-0.4|0.08-0.08|0.02-0.02	0.78660402708771|1.01263311661963|0.944802027069676|0.951380986302852|0.991164933858736
60-G4	10-10|2-2|0.4-0.4|0.08-0.08|0.02-0.02	0.773107061380175|0.910630393421041|0.918017295016186|0.951135718085826|0.995825029982236
60-G4	10-10|2-2|0.4-0.4|0.08-0.08|0.02-0.02	0.894093871971153|1.01468111663662|1.00954569769976|1.08975491847126|1.03015077368098
60-G4	10-10|2-2|0.4-0.4|0.08-0.08|0.02-0.02	0.836930636181721|0.985200007925029|1.02148871673964|1.04672200978741|1.05278465714342
SB-G4	10-10|2-2|0.4-0.4|0.08-0.08|0.02-0.02	0.748584189513764|0.951994987428406|0.862435435025344|1.03879119908103|1.01828303356977
SB-G4	10-10|2-2|0.4-0.4|0.08-0.08|0.02-0.02	0.684424879706315|0.984167021456056|0.980544153204752|0.959995822857005|1.03782724300529
SB-G4	10-10|2-2|0.4-0.4|0.08-0.08|0.02-0.02	0.630488678309735|0.799667159974087|0.953647466939221|0.905560442190893|0.990791805904111
SB-G4	10-10|2-2|0.4-0.4|0.08-0.08|0.02-0.02	0.701600937727379|0.84357468668013|1.02915199884494|0.924846925884201|0.938266914143611
RU-G4	10-10|2-2|0.4-0.4|0.08-0.08|0.02-0.02	0.837970472117979|0.937241309128971|1.07009808706343|1.01644199197941|0.96910766316865
RU-G4	10-10|2-2|0.4-0.4|0.08-0.08|0.02-0.02	0.793767951303293|0.937914190953062|1.03475933052412|1.00293451239951|0.981742888532142
RU-G4	10-10|2-2|0.4-0.4|0.08-0.08|0.02-0.02	0.895929373653952|1.08564868376555|1.00669241585533|1.08886139935568|1.1314098570742
RU-G4	10-10|2-2|0.4-0.4|0.08-0.08|0.02-0.02	0.823807913425769|1.13912571418401|1.08822063613549|1.05581759606999|1.00765356068562
D4-G4	10-10|2-2|0.4-0.4|0.08-0.08|0.02-0.02	0.911180726850485|1.00720012255528|1.10278435821664|0.955087487150568|1.03620487157228
D4-G4	10-10|2-2|0.4-0.4|0.08-0.08|0.02-0.02	0.924244408970514|0.935469761927493|1.04061863772704|1.0634156955123|0.980388935389835
D4-G4	10-10|2-2|0.4-0.4|0.08-0.08|0.02-0.02	0.904214821302685|0.95291277691141|0.989818632372733|1.05279528315994|0.943265471790818
D4-G4	10-10|2-2|0.4-0.4|0.08-0.08|0.02-0.02	0.88747516609344|1.09559718869496|1.03516694793959|0.929055136613189|0.987648202345603
F4-G4	10-10|2-2|0.4-0.4|0.08-0.08|0.02-0.02	0.857566139507577|1.01029244486845|1.07238652625399|1.02465783583459|0.932117565038711
F4-G4	10-10|2-2|0.4-0.4|0.08-0.08|0.02-0.02	0.882279015154295|1.03803251018237|1.13065534069644|1.03646387553664|1.03967453124427
F4-G4	10-10|2-2|0.4-0.4|0.08-0.08|0.02-0.02	0.857548261827415|1.0630390948807|1.07805907172996|1.02501773645495|1.02196519920839
F4-G4	10-10|2-2|0.4-0.4|0.08-0.08|0.02-0.02	0.943355363877376|1.00082147791345|1.03300847615847|0.989890220678839|1.02615660356223
SF-G4	10-10|2-2|0.4-0.4|0.08-0.08|0.02-0.02	0.84643511023148|0.984761625638463|1.06565159896116|0.932339216700594|1.01761479098657
SF-G4	10-10|2-2|0.4-0.4|0.08-0.08|0.02-0.02	0.710545039804096|1.03442273026612|1.01116703948983|1.08883666814384|0.928610396557904
SF-G4	10-10|2-2|0.4-0.4|0.08-0.08|0.02-0.02	0.772551605065984|1.0617002444115|1.01907575299504|1.05176351457181|1.04594280552348
SF-G4	10-10|2-2|0.4-0.4|0.08-0.08|0.02-0.02	0.741663236649341|0.946910616783894|1.16191260194436|0.983539559330801|1.13928541508066
ST-G4	10-10|2-2|0.4-0.4|0.08-0.08|0.02-0.02	0.603397426557405|0.872022897375477|0.923089805878087|1.12868385309639|1.02177360873155
ST-G4	10-10|2-2|0.4-0.4|0.08-0.08|0.02-0.02	0.572086035983983|0.903019432288448|0.917368811537115|1.04589691156743|1.00538101721825
ST-G4	10-10|2-2|0.4-0.4|0.08-0.08|0.02-0.02	0.480257163624451|0.902495538197466|0.995826551052235|1.03319308087892|1.10609705742843
ST-G4	10-10|2-2|0.4-0.4|0.08-0.08|0.02-0.02	0.580986408138055|0.962111362496289|1.0271461867371|1.07729582347983|1.06490856290715
G2-G4	10-10|2-2|0.4-0.4|0.08-0.08|0.02-0.02	0.63401463811331|0.931540616246499|0.979936748893106|1.11024125779344|0.962305954639921
G2-G4	10-10|2-2|0.4-0.4|0.08-0.08|0.02-0.02	0.67010029818379|0.930745459474112|0.959204843227614|1.10566549200325|1.0730857504292
G2-G4	10-10|2-2|0.4-0.4|0.08-0.08|0.02-0.02	0.591698602717848|0.861684061498548|0.945011873585544|0.999724518866971|1.0100463435982
G2-G4	10-10|2-2|0.4-0.4|0.08-0.08|0.02-0.02	0.633397379790844|0.875953286768885|1.02500601525259|1.12516258617503|1.05350959476377
P5	10|2|0.4|0.08|0.02	1.01210228885506|1.07621529761751|1.07070051719498|0.988834044184598|0.942961097942648
P5	10|2|0.4|0.08|0.02	0.954926991827361|1.1049835773083|1.05044770727428|1.12839927600075|1.04148250273712
P5	10|2|0.4|0.08|0.02	0.918737169423983|1.0297216519744|1.07831179809202|1.13299269411907|1.03834832749668
P5	10|2|0.4|0.08|0.02	0.868637543774906|1.07761743750755|1.01479289940828|1.08713470595339|1.04065783117981
5Z-P5	10-10|2-2|0.4-0.4|0.08-0.08|0.02-0.02	0.638932746318506|0.980317291635039|1.06936389858813|1.1125398512221|1.13289054197662
5Z-P5	10-10|2-2|0.4-0.4|0.08-0.08|0.02-0.02	0.657309852740246|0.996417185365113|1.13512980112342|0.996493092454835|1.0401093062092
5Z-P5	10-10|2-2|0.4-0.4|0.08-0.08|0.02-0.02	0.538820596595679|1.02537339082923|1.11003695882775|1.1382054721189|1.05004948255666
5Z-P5	10-10|2-2|0.4-0.4|0.08-0.08|0.02-0.02	0.631448782096994|1.03381999411345|1.00413441082177|1.06335545068634|1.0722129270957
AK-P5	10-10|2-2|0.4-0.4|0.08-0.08|0.02-0.02	0.374627237968303|1.02209580682271|1.07008484640901|0.973920618905969|0.90529889837418
AK-P5	10-10|2-2|0.4-0.4|0.08-0.08|0.02-0.02	0.452913779816309|0.952811398234569|1.06100080788375|0.964531297118796|0.958395848147638
AK-P5	10-10|2-2|0.4-0.4|0.08-0.08|0.02-0.02	0.38779044623169|0.959030620853366|1.05808633726963|0.896249047280118|1.07633201390923
AK-P5	10-10|2-2|0.4-0.4|0.08-0.08|0.02-0.02	0.456444459097529|0.862519369546709|0.985010540524292|1.06641790900046|1.05227595810166
BI-P5	10-10|2-2|0.4-0.4|0.08-0.08|0.02-0.02	0.793567785253858|1.00803144073348|0.998448090480386|0.999761652121561|0.90039000775072
BI-P5	10-10|2-2|0.4-0.4|0.08-0.08|0.02-0.02	0.739033790667003|0.931371700868116|0.948433877884671|0.961152826894115|0.962579383085069
BI-P5	10-10|2-2|0.4-0.4|0.08-0.08|0.02-0.02	0.657295737915108|1.02088971614027|0.963068730262223|0.971286201859859|1.00864364366187
BI-P5	10-10|2-2|0.4-0.4|0.08-0.08|0.02-0.02	0.783588368780893|0.948309335353705|0.964817128474486|0.899725720030451|0.927430546702266
CT-P5	10-10|2-2|0.4-0.4|0.08-0.08|0.02-0.02	0.571925258625454|1.0293435426956|0.84119383887764|0.946241745506189|0.90977878040325
CT-P5	10-10|2-2|0.4-0.4|0.08-0.08|0.02-0.02	0.653352291663526|0.922788348330846|0.965595320039055|0.909899363422146|0.938551228523243
CT-P5	10-10|2-2|0.4-0.4|0.08-0.08|0.02-0.02	0.630692423978733|0.925454626112891|0.969448169722532|1.00408472476735|0.946925877772204
CT-P5	10-10|2-2|0.4-0.4|0.08-0.08|0.02-0.02	0.569370365441249|1.00572270963647|0.974368949266831|0.906242428585566|0.937132093242289
PD-P5	10-10|2-2|0.4-0.4|0.08-0.08|0.02-0.02	0.787834101382488|0.914271256889853|0.956436251920123|0.886274509803922|0.928490105719707
PD-P5	10-10|2-2|0.4-0.4|0.08-0.08|0.02-0.02	0.801575856148911|0.927904581187314|1.02249932230957|0.938487394957983|0.999374717628987
PD-P5	10-10|2-2|0.4-0.4|0.08-0.08|0.02-0.02	0.825725055880825|0.916954643251933|0.911040516649173|0.976068012455932|0.938135306568656
PD-P5	10-10|2-2|0.4-0.4|0.08-0.08|0.02-0.02	0.779018798972002|0.855853625366582|0.854026383420918|1.03513256221863|0.940694840133765
PI-P5	10-10|2-2|0.4-0.4|0.08-0.08|0.02-0.02	0.381257119264499|0.786217472564336|0.930257933947971|0.966339933129601|1.12319414902441
PI-P5	10-10|2-2|0.4-0.4|0.08-0.08|0.02-0.02	0.333813787688326|0.811594309749291|1.01762444197869|0.991193308536482|0.889722823302159
PI-P5	10-10|2-2|0.4-0.4|0.08-0.08|0.02-0.02	0.397423318439802|0.821277623475426|0.990467636758846|0.976723825624925|1.00815118946987
PI-P5	10-10|2-2|0.4-0.4|0.08-0.08|0.02-0.02	0.341187658495351|0.815798212776235|0.936639596667069|0.998490520468542|1.05155627339693
PK-P5	10-10|2-2|0.4-0.4|0.08-0.08|0.02-0.02	0.00119933201761044|0.0020646728404433|0.173364202216487|0.908987399423106|1.03967663579778
PK-P5	10-10|2-2|0.4-0.4|0.08-0.08|0.02-0.02	0.000850159404888417|0.0013511461970548|0.114247760740853|0.984203734628814|1.1
PK-P5	10-10|2-2|0.4-0.4|0.08-0.08|0.02-0.02	0.0012484221879389|0.00211757687574446|0.173167219435879|1.02339013785979|1.10260963695014
PK-P5	10-10|2-2|0.4-0.4|0.08-0.08|0.02-0.02	0.00118521093791668|0.00143805593800557|0.176683345218365|0.945031892050988|1.09830337054237
JN-P5	10-10|2-2|0.4-0.4|0.08-0.08|0.02-0.02	0.437351779391891|0.939058759581985|0.967785169934811|0.947524785650197|0.983235481360968
JN-P5	10-10|2-2|0.4-0.4|0.08-0.08|0.02-0.02	0.430270696902119|0.775263120665071|0.917480445117888|0.946437679400453|1.04753856062665
JN-P5	10-10|2-2|0.4-0.4|0.08-0.08|0.02-0.02	0.491244673980711|0.792531064001443|0.880493533141076|0.994466952013948|1.00622734563029
JN-P5	10-10|2-2|0.4-0.4|0.08-0.08|0.02-0.02	0.444381522373645|0.784284824941964|0.978160654268864|0.957859236001078|0.941296940241918
D1-P5	10-10|2-2|0.4-0.4|0.08-0.08|0.02-0.02	0.704818666188206|1.15339069654963|1.19845696588631|1.02441707166762|1.13512859917778
D1-P5	10-10|2-2|0.4-0.4|0.08-0.08|0.02-0.02	0.750532416978056|0.998868857702299|1.07407811902737|1.19440045557731|1.03557247501736
D1-P5	10-10|2-2|0.4-0.4|0.08-0.08|0.02-0.02	0.687420824434198|0.954239043751661|1.03032825204184|0.997064889589616|1.08158726957733
D1-P5	10-10|2-2|0.4-0.4|0.08-0.08|0.02-0.02	0.726096083158406|1.06896684480214|0.992936302054211|0.954642369354587|0.897582796329737
60-P5	10-10|2-2|0.4-0.4|0.08-0.08|0.02-0.02	0.915745017962293|1.10481213403777|0.970803709456473|1.06360247125941|0.956727286731009
60-P5	10-10|2-2|0.4-0.4|0.08-0.08|0.02-0.02	0.884254615273175|1.04114181133999|1.01843908682967|1.05850444426921|0.912979613393507
60-P5	10-10|2-2|0.4-0.4|0.08-0.08|0.02-0.02	0.764386414370683|1.00818014292777|0.983767060691866|1.08051298185686|1.09441622844472
60-P5	10-10|2-2|0.4-0.4|0.08-0.08|0.02-0.02	0.91193611697904|1.02864548219396|1.01907201821805|1.05663175873073|1.04828681438866
SB-P5	10-10|2-2|0.4-0.4|0.08-0.08|0.02-0.02	0.8119794692007|0.99316811400671|1.04163832967106|1.1391162164788|1.06542693602833
SB-P5	10-10|2-2|0.4-0.4|0.08-0.08|0.02-0.02	0.866436112047065|1.0190073197302|1.15389210787972|1.19879031174485|1.22940873695895
SB-P5	10-10|2-2|0.4-0.4|0.08-0.08|0.02-0.02	0.785470388061203|0.905964948936261|1.11012704511291|1.03206984676042|1.00447472736664
SB-P5	10-10|2-2|0.4-0.4|0.08-0.08|0.02-0.02	0.810620174384749|0.922888820533059|1.1421794804828|1.09339663341091|1.13089689941827
RU-P5	10-10|2-2|0.4-0.4|0.08-0.08|0.02-0.02	0.76962916792505|1.10069419901514|0.977944562607498|1.05116424521654|1.08409853727705
RU-P5	10-10|2-2|0.4-0.4|0.08-0.08|0.02-0.02	0.803788643066899|1.02854548063804|1.07214657644864|1.1411852146962|0.957099314797084
RU-P5	10-10|2-2|0.4-0.4|0.08-0.08|0.02-0.02	0.832314871695388|1.15910202937912|0.990535312058801|1.02263463631759|1.08430706887818
RU-P5	10-10|2-2|0.4-0.4|0.08-0.08|0.02-0.02	0.817838705853191|1.11899296237619|1.08342763533685|1.04323234935929|1.12727860583918
D4-P5	10-10|2-2|0.4-0.4|0.08-0.08|0.02-0.02	0.820765114749436|1.06360549659574|1.13465948482748|1.23325867064868|0.993138143743445
D4-P5	10-10|2-2|0.4-0.4|0.08-0.08|0.02-0.02	0.914777878513146|1.11733596430413|1.09483938634384|1.05597034824809|1.2477823404974
D4-P5	10-10|2-2|0.4-0.4|0.08-0.08|0.02-0.02	0.761819546388649|1.12534415968591|1.08724565632324|1.0569909624764|0.984690773698151
D4-P5	10-10|2-2|0.4-0.4|0.08-0.08|0.02-0.02	0.86133056263445|1.06071217274778|1.06665774691171|1.05042658031229|0.986396676833794
F4-P5	10-10|2-2|0.4-0.4|0.08-0.08|0.02-0.02	0.858877162723912|1.05629256897901|0.999811618531713|0.96453823515868|0.912955202886841
F4-P5	10-10|2-2|0.4-0.4|0.08-0.08|0.02-0.02	1.00304340727655|1.03342724498382|1.0480623919423|1.07189055455318|0.999007857600355
F4-P5	10-10|2-2|0.4-0.4|0.08-0.08|0.02-0.02	1.12449649930544|1.18781098572311|0.958618863331212|1.09522725477716|1.1236509433524
F4-P5	10-10|2-2|0.4-0.4|0.08-0.08|0.02-0.02	1.05635955640834|1.07933823631895|1.22246948797406|1.10786413495445|1.18947422215821
SF-P5	10-10|2-2|0.4-0.4|0.08-0.08|0.02-0.02	0.00159140019814493|0.879178400642801|1.00156799725405|0.938520465874607|1.01047671797112
SF-P5	10-10|2-2|0.4-0.4|0.08-0.08|0.02-0.02	0.00117014720451833|0.944854862741733|0.926413342798524|0.986207864949411|0.92166254514818
SF-P5	10-10|2-2|0.4-0.4|0.08-0.08|0.02-0.02	0.00109997891707076|0.694218694141696|0.858687541822115|0.934615419871119|1.0119806037051
SF-P5	10-10|2-2|0.4-0.4|0.08-0.08|0.02-0.02	0.00148130494165528|0.869885327197895|0.789066209564317|0.888394305775806|1.01181194027114
ST-P5	10-10|2-2|0.4-0.4|0.08-0.08|0.02-0.02	0.684595339523096|0.914006554082181|0.970026168649335|0.957086715972045|0.955634328426635
ST-P5	10-10|2-2|0.4-0.4|0.08-0.08|0.02-0.02	0.737607484930562|0.943531098881552|0.859798756301473|0.95926529729016|1.03330772094354
ST-P5	10-10|2-2|0.4-0.4|0.08-0.08|0.02-0.02	0.707117922902902|0.904407688735074|1.00985062999086|0.960350277915112|0.969287009153969
ST-P5	10-10|2-2|0.4-0.4|0.08-0.08|0.02-0.02	0.684435255517102|0.898325018352885|0.964777443180967|0.98268086955219|0.993183214226857
G2-P5	10-10|2-2|0.4-0.4|0.08-0.08|0.02-0.02	0.177476067727659|1.00566188675813|0.910275942045762|1.110151500431|1.04556588894103
G2-P5	10-10|2-2|0.4-0.4|0.08-0.08|0.02-0.02	0.168670066417094|1.01970187758004|1.13023579825575|0.996136521960224|0.950998530265978
G2-P5	10-10|2-2|0.4-0.4|0.08-0.08|0.02-0.02	0.169733973298665|0.938520380032617|0.887098739995705|0.889219060442675|1.04936516135523
G2-P5	10-10|2-2|0.4-0.4|0.08-0.08|0.02-0.02	0.127312087567687|0.938427519283115|0.956225829604394|0.96731495077413|0.963120740254941
G4-P5	10-10|2-2|0.4-0.4|0.08-0.08|0.02-0.02	0.760384604674973|0.969822369872491|1.02068888703255|1.10708571355134|1.13303731881963
G4-P5	10-10|2-2|0.4-0.4|0.08-0.08|0.02-0.02	0.779824747413086|1.03871535698451|1.07799832501194|1.02697758900248|0.995936761704033
G4-P5	10-10|2-2|0.4-0.4|0.08-0.08|0.02-0.02	0.803026286009894|1.02437625960533|1.05117311692371|1.05782922176598|1.04143899468676
G4-P5	10-10|2-2|0.4-0.4|0.08-0.08|0.02-0.02	0.711039261965577|1.124321295009|1.02676452520288|1.07646976408333|1.04602584413765
